tm,stability,entry,proteinname,,,,,,,,
57.82613507,Medium,P00350,"6-phosphogluconate dehydrogenase, decarboxylating ",,,,,,,,
46.76964303,Medium,P00363,Fumarate reductase flavoprotein subunit ,,,,,,,,
58.77659355,Medium,P00370,NADP-specific glutamate dehydrogenase ,,,,,,,,
66.59469534,Stable,P00448,Superoxide dismutase [Mn] ,,,,,,,,
44.79474401,Unstable,P00452,Ribonucleoside-diphosphate reductase 1 subunit alpha ,,,,,,,,
47.89375165,Medium,P00490,Maltodextrin phosphorylase ,,,,,,,,
62.26051808,Medium,P00509,Aspartate aminotransferase ,,,,,,,,
57.50786025,Medium,P00550,PTS system mannitol-specific EIICBA component ,,,,,,,,
47.98787485,Medium,P00561,Bifunctional aspartokinase/homoserine dehydrogenase 1 ,,,,,,,,
43.77423137,Unstable,P00562,Bifunctional aspartokinase/homoserine dehydrogenase 2 ,,,,,,,,
42.56101383,Unstable,P00579,RNA polymerase sigma factor RpoD ,,,,,,,,
47.18299765,Medium,P00582,DNA polymerase I ,,,,,,,,
56.2954914,Medium,P00634,Alkaline phosphatase ,,,,,,,,
59.06899042,Medium,P00805,L-asparaginase 2 ,,,,,,,,
45.96716502,Unstable,P00861,Diaminopimelate decarboxylase ,,,,,,,,
51.47284773,Medium,P00864,Phosphoenolpyruvate carboxylase ,,,,,,,,
46.4923241,Medium,P00895,Anthranilate synthase component 1 ,,,,,,,,
51.12989839,Medium,P00903,Aminodeoxychorismate synthase component 2 ,,,,,,,,
44.7093511,Unstable,P00909,Tryptophan biosynthesis protein TrpCF [Includes: Indole-3-glycerol phosphate synthase ,,,,,,,,
48.48454425,Medium,P00934,Threonine synthase ,,,,,,,,
49.79357824,Medium,P00935,Cystathionine gamma-synthase ,,,,,,,,
49.09545876,Medium,P00946,Mannose-6-phosphate isomerase ,,,,,,,,
44.62947249,Unstable,P00954,Tryptophan--tRNA ligase ,,,,,,,,
55.93589076,Medium,P00956,Isoleucine--tRNA ligase ,,,,,,,,
56.82230124,Medium,P00957,Alanine--tRNA ligase ,,,,,,,,
44.01156467,Unstable,P00959,Methionine--tRNA ligase ,,,,,,,,
46.18483288,Medium,P00961,Glycine--tRNA ligase beta subunit ,,,,,,,,
46.97704864,Medium,P00962,Glutamine--tRNA ligase ,,,,,,,,
56.97805525,Medium,P00968,Carbamoyl-phosphate synthase large chain ,,,,,,,,
64.19271108,Stable,P02358,"30S ribosomal protein S6 [Cleaved into: 30S ribosomal protein S6, fully modified isoform; 30S ribosomal protein S6, non-modified isoform]",,,,,,,,
58.02967443,Medium,P02359,30S ribosomal protein S7,,,,,,,,
67.36700665,Stable,P02413,50S ribosomal protein L15,,,,,,,,
61.17673028,Medium,P02918,Penicillin-binding protein 1A ,,,,,,,,
60.4724159,Medium,P02925,Ribose import binding protein RbsB,,,,,,,,
58.19655182,Medium,P03813,Uncharacterized protein YgeA,,,,,,,,
44.80614773,Unstable,P03817,Protein MioC,,,,,,,,
67.66391998,Stable,P04036,4-hydroxy-tetrahydrodipicolinate reductase ,,,,,,,,
57.13382361,Medium,P04079,GMP synthase [glutamine-hydrolyzing] ,,,,,,,,
44.54025064,Unstable,P04335,Esterase FrsA ,,,,,,,,
65.8075982,Stable,P04391,Ornithine carbamoyltransferase chain I ,,,,,,,,
46.75427713,Medium,P04425,Glutathione synthetase ,,,,,,,,
58.90555685,Medium,P04805,Glutamate--tRNA ligase ,,,,,,,,
60.18403756,Medium,P04816,Leucine-specific-binding protein ,,,,,,,,
51.57863022,Medium,P04825,Aminopeptidase N ,,,,,,,,
45.57443637,Unstable,P04846,Lipoprotein 28,,,,,,,,
43.60898326,Unstable,P04949,Flagellin,,,,,,,,
54.50560134,Medium,P04951,3-deoxy-manno-octulosonate cytidylyltransferase ,,,,,,,,
46.95748677,Medium,P05020,Dihydroorotase ,,,,,,,,
49.14887637,Medium,P05042,Fumarate hydratase class II ,,,,,,,,
58.67426395,Medium,P05055,Polyribonucleotide nucleotidyltransferase ,,,,,,,,
55.88567819,Medium,P05194,3-dehydroquinate dehydratase ,,,,,,,,
49.51524083,Medium,P05458,Protease 3 ,,,,,,,,
50.35060599,Medium,P05459,Erythronate-4-phosphate dehydrogenase ,,,,,,,,
55.53545593,Medium,P05791,Dihydroxy-acid dehydratase ,,,,,,,,
50.85921201,Medium,P05793,Ketol-acid reductoisomerase ,,,,,,,,
49.21509499,Medium,P06149,D-lactate dehydrogenase ,,,,,,,,
56.54316129,Medium,P06612,DNA topoisomerase 1 ,,,,,,,,
67.22402987,Stable,P06715,Glutathione reductase ,,,,,,,,
49.06015323,Medium,P06720,Alpha-galactosidase ,,,,,,,,
49.37375669,Medium,P06721,Cystathionine beta-lyase MetC ,,,,,,,,
58.43919164,Medium,P06959,Dihydrolipoyllysine-residue acetyltransferase component of pyruvate dehydrogenase complex ,,,,,,,,
66.29409182,Stable,P06960,Ornithine carbamoyltransferase chain F ,,,,,,,,
68.85660882,Stable,P06968,Deoxyuridine 5'-triphosphate nucleotidohydrolase ,,,,,,,,
46.93308529,Medium,P06986,Histidinol-phosphate aminotransferase ,,,,,,,,
64.33615221,Stable,P06987,Histidine biosynthesis bifunctional protein HisB [Includes: Histidinol-phosphatase ,,,,,,,,
43.4902982,Unstable,P06996,Outer membrane protein C ,,,,,,,,
48.41986688,Medium,P06999,ATP-dependent 6-phosphofructokinase isozyme 2 ,,,,,,,,
52.49825854,Medium,P07003,Pyruvate dehydrogenase [ubiquinone] ,,,,,,,,
63.84419085,Medium,P07004,Gamma-glutamyl phosphate reductase ,,,,,,,,
43.41635279,Unstable,P07012,Peptide chain release factor 2 ,,,,,,,,
56.23503429,Medium,P07014,Succinate dehydrogenase iron-sulfur subunit ,,,,,,,,
61.61167644,Medium,P07024,Protein UshA [Includes: UDP-sugar hydrolase ,,,,,,,,
55.57078663,Medium,P07102,Periplasmic AppA protein [Includes: Phosphoanhydride phosphohydrolase ,,,,,,,,
49.82887522,Medium,P07118,Valine--tRNA ligase ,,,,,,,,
49.25070012,Medium,P07395,Phenylalanine--tRNA ligase beta subunit ,,,,,,,,
58.5246505,Medium,P07604,Transcriptional regulatory protein TyrR,,,,,,,,
45.6942462,Unstable,P07623,Homoserine O-succinyltransferase ,,,,,,,,
55.54104004,Medium,P07648,RecBCD enzyme subunit RecC ,,,,,,,,
46.14616816,Medium,P07650,Thymidine phosphorylase ,,,,,,,,
50.52238268,Medium,P07762,"1,4-alpha-glucan branching enzyme GlgB ",,,,,,,,
48.50669815,Medium,P07813,Leucine--tRNA ligase ,,,,,,,,
58.0490426,Medium,P07862,D-alanine--D-alanine ligase B ,,,,,,,,
49.95217605,Medium,P07913,L-threonine 3-dehydrogenase ,,,,,,,,
43.5321538,Unstable,P08179,Phosphoribosylglycinamide formyltransferase ,,,,,,,,
48.74042704,Medium,P08192,Bifunctional protein FolC [Includes: Folylpolyglutamate synthase ,,,,,,,,
50.85999236,Medium,P08200,Isocitrate dehydrogenase [NADP] ,,,,,,,,
55.34998758,Medium,P08244,Orotidine 5'-phosphate decarboxylase ,,,,,,,,
43.34211348,Unstable,P08312,Phenylalanine--tRNA ligase alpha subunit ,,,,,,,,
58.67628229,Medium,P08331,"2',3'-cyclic-nucleotide 2'-phosphodiesterase/3'-nucleotidase ",,,,,,,,
58.41312784,Medium,P08337,8-oxo-dGTP diphosphatase ,,,,,,,,
50.8931407,Medium,P08506,D-alanyl-D-alanine carboxypeptidase DacC ,,,,,,,,
47.95502824,Medium,P08839,Phosphoenolpyruvate-protein phosphotransferase ,,,,,,,,
54.57089578,Medium,P08997,Malate synthase A ,,,,,,,,
56.30803658,Medium,P09029,N5-carboxyaminoimidazole ribonucleotide synthase ,,,,,,,,
42.59182161,Unstable,P09030,Exodeoxyribonuclease III ,,,,,,,,
45.03328331,Unstable,P09147,UDP-glucose 4-epimerase ,,,,,,,,
41.47145187,Unstable,P09148,Galactose-1-phosphate uridylyltransferase ,,,,,,,,
50.43056056,Medium,P09151,2-isopropylmalate synthase ,,,,,,,,
50.78704421,Medium,P09158,Polyamine aminopropyltransferase ,,,,,,,,
51.37254364,Medium,P09323,PTS system N-acetylglucosamine-specific EIICBA component ,,,,,,,,
43.9528781,Unstable,P09372,Protein GrpE ,,,,,,,,
51.34938527,Medium,P09373,Formate acetyltransferase 1 ,,,,,,,,
55.93727344,Medium,P09394,Glycerophosphoryl diester phosphodiesterase ,,,,,,,,
50.3138526,Medium,P09424,Mannitol-1-phosphate 5-dehydrogenase ,,,,,,,,
53.34050382,Medium,P09551,Lysine/arginine/ornithine-binding periplasmic protein ,,,,,,,,
58.24655566,Medium,P09831,Glutamate synthase [NADPH] large chain ,,,,,,,,
58.46335293,Medium,P09832,Glutamate synthase [NADPH] small chain ,,,,,,,,
53.52292286,Medium,P0A698,UvrABC system protein A ,,,,,,,,
41.60227949,Unstable,P0A6A3,Acetate kinase ,,,,,,,,
43.18424023,Unstable,P0A6A8,Acyl carrier protein ,,,,,,,,
48.63454029,Medium,P0A6B7,Cysteine desulfurase IscS ,,,,,,,,
51.81851284,Medium,P0A6D3,3-phosphoshikimate 1-carboxyvinyltransferase ,,,,,,,,
44.17487445,Unstable,P0A6E4,Argininosuccinate synthase ,,,,,,,,
61.25961467,Medium,P0A6E6,ATP synthase epsilon chain ,,,,,,,,
56.65124104,Medium,P0A6F1,Carbamoyl-phosphate synthase small chain ,,,,,,,,
47.10138681,Medium,P0A6F3,Glycerol kinase ,,,,,,,,
58.4176572,Medium,P0A6F5,60 kDa chaperonin ,,,,,,,,
49.66768808,Medium,P0A6F9,10 kDa chaperonin ,,,,,,,,
58.10443705,Medium,P0A6G7,ATP-dependent Clp protease proteolytic subunit ,,,,,,,,
58.38077518,Medium,P0A6I6,Phosphopantetheine adenylyltransferase ,,,,,,,,
47.66505513,Medium,P0A6J8,D-alanine--D-alanine ligase A ,,,,,,,,
51.01318268,Medium,P0A6K1,Diaminopimelate epimerase ,,,,,,,,
58.34057418,Medium,P0A6K6,Phosphopentomutase ,,,,,,,,
46.80036216,Medium,P0A6L0,Deoxyribose-phosphate aldolase ,,,,,,,,
65.33536177,Stable,P0A6L2,4-hydroxy-tetrahydrodipicolinate synthase ,,,,,,,,
55.39967043,Medium,P0A6M4,D-aminoacyl-tRNA deacylase ,,,,,,,,
58.57547491,Medium,P0A6M8,Elongation factor G ,,,,,,,,
42.41540349,Unstable,P0A6N4,Elongation factor P ,,,,,,,,
43.47173006,Unstable,P0A6N8,Elongation factor P-like protein,,,,,,,,
59.68508599,Medium,P0A6P1,Elongation factor Ts ,,,,,,,,
60.4251668,Medium,P0A6P5,GTPase Der ,,,,,,,,
49.5955211,Medium,P0A6P9,Enolase ,,,,,,,,
67.12867245,Stable,P0A6Q3,3-hydroxydecanoyl-[acyl-carrier-protein] dehydratase ,,,,,,,,
45.11573692,Unstable,P0A6R0,3-oxoacyl-[acyl-carrier-protein] synthase 3 ,,,,,,,,
50.55703502,Medium,P0A6S7,Glycerol-3-phosphate dehydrogenase [NAD,,,,,,,,
58.67521908,Medium,P0A6T1,Glucose-6-phosphate isomerase ,,,,,,,,
46.18688278,Medium,P0A6U5,Ribosomal RNA small subunit methyltransferase G ,,,,,,,,
44.34660197,Unstable,P0A6V8,Glucokinase ,,,,,,,,
41.485866,Unstable,P0A6W9,Glutamate--cysteine ligase ,,,,,,,,
44.57366707,Unstable,P0A6X7,Integration host factor subunit alpha ,,,,,,,,
42.25538738,Unstable,P0A6Y1,Integration host factor subunit beta ,,,,,,,,
52.86813937,Medium,P0A6Y5,33 kDa chaperonin ,,,,,,,,
47.54121339,Medium,P0A6Y8,Chaperone protein DnaK ,,,,,,,,
59.3593771,Medium,P0A6Z3,Chaperone protein HtpG ,,,,,,,,
45.99017081,Unstable,P0A705,Translation initiation factor IF-2,,,,,,,,
48.03643303,Medium,P0A707,"Translation initiation factor IF-3 [Cleaved into: Translation initiation factor IF-3, N-terminally processed; Translation initiation factor IF-3S]",,,,,,,,
46.48736704,Medium,P0A715,2-dehydro-3-deoxyphosphooctonate aldolase ,,,,,,,,
43.85328594,Unstable,P0A717,Ribose-phosphate pyrophosphokinase ,,,,,,,,
59.22313693,Medium,P0A722,Acyl-[acyl-carrier-protein]--UDP-N-acetylglucosamine O-acyltransferase ,,,,,,,,
52.69336206,Medium,P0A729,Maf-like protein YceF,,,,,,,,
69.58594707,Stable,P0A734,Cell division topological specificity factor,,,,,,,,
45.8639988,Unstable,P0A746,Peptide methionine sulfoxide reductase MsrB ,,,,,,,,
57.71560335,Medium,P0A759,Glucosamine-6-phosphate deaminase ,,,,,,,,
51.02654481,Medium,P0A784,Oligoribonuclease ,,,,,,,,
58.85798464,Medium,P0A786,Aspartate carbamoyltransferase catalytic chain ,,,,,,,,
52.43114882,Medium,P0A794,Pyridoxine 5'-phosphate synthase ,,,,,,,,
57.36423264,Medium,P0A796,ATP-dependent 6-phosphofructokinase isozyme 1 ,,,,,,,,
58.01249338,Medium,P0A799,Phosphoglycerate kinase ,,,,,,,,
64.94087244,Stable,P0A7B1,Polyphosphate kinase ,,,,,,,,
54.37523319,Medium,P0A7B8,ATP-dependent protease subunit HslV ,,,,,,,,
60.79202236,Medium,P0A7C6,Peptidase E ,,,,,,,,
47.86589379,Medium,P0A7D4,Adenylosuccinate synthetase ,,,,,,,,
43.08599801,Unstable,P0A7D7,Phosphoribosylaminoimidazole-succinocarboxamide synthase ,,,,,,,,
48.56250298,Medium,P0A7E5,CTP synthase ,,,,,,,,
63.95406394,Medium,P0A7F3,Aspartate carbamoyltransferase regulatory chain,,,,,,,,
56.56988228,Medium,P0A7G2,Ribosome-binding factor A ,,,,,,,,
47.84006928,Medium,P0A7H6,Recombination protein RecR,,,,,,,,
45.99234056,Unstable,P0A7I4,Peptide chain release factor 3 ,,,,,,,,
62.00260676,Medium,P0A7I7,GTP cyclohydrolase-2 ,,,,,,,,
58.47674465,Medium,P0A7J3,50S ribosomal protein L10 ,,,,,,,,
59.64152684,Medium,P0A7J7,50S ribosomal protein L11,,,,,,,,
60.15949578,Medium,P0A7K2,50S ribosomal protein L7/L12 ,,,,,,,,
48.4422571,Medium,P0A7K6,50S ribosomal protein L19,,,,,,,,
60.56101229,Medium,P0A7L0,50S ribosomal protein L1,,,,,,,,
68.71216572,Stable,P0A7L8,50S ribosomal protein L27,,,,,,,,
67.43145306,Stable,P0A7M2,50S ribosomal protein L28,,,,,,,,
69.24260856,Stable,P0A7M6,50S ribosomal protein L29,,,,,,,,
62.50797599,Medium,P0A7M9,50S ribosomal protein L31,,,,,,,,
63.12685975,Medium,P0A7N9,50S ribosomal protein L33,,,,,,,,
67.15174141,Stable,P0A7P5,50S ribosomal protein L34,,,,,,,,
44.60744093,Unstable,P0A7R1,50S ribosomal protein L9,,,,,,,,
61.64880477,Medium,P0A7R5,30S ribosomal protein S10,,,,,,,,
61.12716052,Medium,P0A7R9,30S ribosomal protein S11,,,,,,,,
63.10572739,Medium,P0A7S3,30S ribosomal protein S12,,,,,,,,
54.7567451,Medium,P0A7S9,30S ribosomal protein S13,,,,,,,,
65.16678045,Stable,P0A7T3,30S ribosomal protein S16,,,,,,,,
66.96282405,Stable,P0A7T7,30S ribosomal protein S18,,,,,,,,
67.66097117,Stable,P0A7U3,30S ribosomal protein S19,,,,,,,,
64.42686294,Stable,P0A7U7,30S ribosomal protein S20,,,,,,,,
53.49044875,Medium,P0A7V0,30S ribosomal protein S2,,,,,,,,
61.00228617,Medium,P0A7V3,30S ribosomal protein S3,,,,,,,,
65.07204073,Stable,P0A7V8,30S ribosomal protein S4,,,,,,,,
62.7897533,Medium,P0A7W1,30S ribosomal protein S5,,,,,,,,
57.2139779,Medium,P0A7W7,30S ribosomal protein S8,,,,,,,,
61.73270857,Medium,P0A7X3,30S ribosomal protein S9,,,,,,,,
54.94366286,Medium,P0A7X6,Ribosome maturation factor RimM ,,,,,,,,
51.29889403,Medium,P0A7Z0,Ribose-5-phosphate isomerase A ,,,,,,,,
58.51941653,Medium,P0A7Z4,DNA-directed RNA polymerase subunit alpha ,,,,,,,,
44.35451027,Unstable,P0A805,Ribosome-recycling factor ,,,,,,,,
68.71797732,Stable,P0A817,S-adenosylmethionine synthase ,,,,,,,,
54.45827653,Medium,P0A821,L-seryl-tRNA,,,,,,,,
56.90110261,Medium,P0A823,Sugar fermentation stimulation protein A,,,,,,,,
64.62261973,Stable,P0A825,Serine hydroxymethyltransferase ,,,,,,,,
63.33992107,Medium,P0A832,SsrA-binding protein ,,,,,,,,
50.69302832,Medium,P0A836,Succinyl-CoA ligase [ADP-forming] subunit beta ,,,,,,,,
46.33985102,Medium,P0A847,Queuine tRNA-ribosyltransferase ,,,,,,,,
45.71340568,Unstable,P0A850,Trigger factor ,,,,,,,,
57.05804243,Medium,P0A853,Tryptophanase ,,,,,,,,
55.45047223,Medium,P0A855,Protein TolB,,,,,,,,
52.51101078,Medium,P0A858,Triosephosphate isomerase ,,,,,,,,
54.10778322,Medium,P0A862,Thiol peroxidase ,,,,,,,,
55.62049723,Medium,P0A867,Transaldolase A ,,,,,,,,
49.50186698,Medium,P0A870,Transaldolase B ,,,,,,,,
48.16136576,Medium,P0A877,Tryptophan synthase alpha chain ,,,,,,,,
51.7779199,Medium,P0A879,Tryptophan synthase beta chain ,,,,,,,,
56.87117554,Medium,P0A890,Sulfurtransferase TusA ,,,,,,,,
52.44811144,Medium,P0A894,RNase adapter protein RapZ,,,,,,,,
46.34389313,Medium,P0A8A0,Probable transcriptional regulatory protein YebC,,,,,,,,
55.40695952,Medium,P0A8C4,UPF0149 protein YgfB,,,,,,,,
45.85177232,Unstable,P0A8E7,UPF0234 protein YajQ,,,,,,,,
46.87118084,Medium,P0A8F0,Uracil phosphoribosyltransferase ,,,,,,,,
46.21078945,Medium,P0A8G6,NAD,,,,,,,,
48.39180272,Medium,P0A8H8,DNA gyrase inhibitor YacG,,,,,,,,
48.65646297,Medium,P0A8J4,UPF0250 protein YbeD,,,,,,,,
47.06066406,Medium,P0A8K5,UPF0253 protein YaeP,,,,,,,,
46.49882595,Medium,P0A8L1,Serine--tRNA ligase ,,,,,,,,
58.03017656,Medium,P0A8M0,Asparagine--tRNA ligase ,,,,,,,,
52.2711485,Medium,P0A8M3,Threonine--tRNA ligase ,,,,,,,,
45.53726487,Unstable,P0A8N3,Lysine--tRNA ligase ,,,,,,,,
46.20679005,Medium,P0A8N5,"Lysine--tRNA ligase, heat inducible ",,,,,,,,
53.12250567,Medium,P0A8P3,Probable Fe,,,,,,,,
54.27858017,Medium,P0A8T1,Ribosomal protein L11 methyltransferase ,,,,,,,,
58.02596344,Medium,P0A8T7,DNA-directed RNA polymerase subunit beta' ,,,,,,,,
57.65920205,Medium,P0A8V2,DNA-directed RNA polymerase subunit beta ,,,,,,,,
48.76279024,Medium,P0A8W8,UPF0304 protein YfbU,,,,,,,,
63.07098562,Medium,P0A8X2,Protein YceI,,,,,,,,
46.32001084,Medium,P0A8Z0,Acyl-CoA thioester hydrolase YciA ,,,,,,,,
47.43532206,Medium,P0A953,3-oxoacyl-[acyl-carrier-protein] synthase 1 ,,,,,,,,
49.19138673,Medium,P0A988,DNA polymerase III subunit beta ,,,,,,,,
42.43587215,Unstable,P0A993,"Fructose-1,6-bisphosphatase class 1 ",,,,,,,,
53.39470217,Medium,P0A9A9,Ferric uptake regulation protein ,,,,,,,,
60.00015692,Medium,P0A9B2,Glyceraldehyde-3-phosphate dehydrogenase A ,,,,,,,,
46.27034355,Medium,P0A9C3,Aldose 1-epimerase ,,,,,,,,
57.67059639,Medium,P0A9C5,Glutamine synthetase ,,,,,,,,
66.0971216,Stable,P0A9D2,Glutathione S-transferase GstA ,,,,,,,,
69.43446132,Stable,P0A9D8,"2,3,4,5-tetrahydropyridine-2,6-dicarboxylate N-succinyltransferase ",,,,,,,,
47.52663692,Medium,P0A9F3,HTH-type transcriptional regulator CysB ,,,,,,,,
46.98637598,Medium,P0A9G6,Isocitrate lyase ,,,,,,,,
47.7527588,Medium,P0A9G8,Transcriptional regulator ModE,,,,,,,,
42.37627793,Unstable,P0A9J8,P-protein [Includes: Chorismate mutase ,,,,,,,,
59.30080045,Medium,P0A9K3,PhoH-like protein,,,,,,,,
51.41330743,Medium,P0A9L3,FKBP-type 22 kDa peptidyl-prolyl cis-trans isomerase ,,,,,,,,
68.17223182,Stable,P0A9L8,Pyrroline-5-carboxylate reductase ,,,,,,,,
50.0709817,Medium,P0A9M0,Lon protease ,,,,,,,,
47.04577409,Medium,P0A9M2,Hypoxanthine phosphoribosyltransferase ,,,,,,,,
61.3005949,Medium,P0A9M5,Xanthine phosphoribosyltransferase ,,,,,,,,
42.99885869,Unstable,P0A9M8,Phosphate acetyltransferase ,,,,,,,,
43.34784172,Unstable,P0A9N4,Pyruvate formate-lyase 1-activating enzyme ,,,,,,,,
58.26194072,Medium,P0A9Q1,Aerobic respiration control protein ArcA ,,,,,,,,
65.49693936,Stable,P0A9Q7,Aldehyde-alcohol dehydrogenase [Includes: Alcohol dehydrogenase ,,,,,,,,
59.48352172,Medium,P0A9Q9,Aspartate-semialdehyde dehydrogenase ,,,,,,,,
46.50104454,Medium,P0A9R4,2Fe-2S ferredoxin,,,,,,,,
54.42243934,Medium,P0A9S3,Galactitol-1-phosphate 5-dehydrogenase ,,,,,,,,
55.98562426,Medium,P0A9T0,D-3-phosphoglycerate dehydrogenase ,,,,,,,,
47.34047107,Medium,P0A9T4,Protein tas,,,,,,,,
46.8511183,Medium,P0A9U3,Uncharacterized ABC transporter ATP-binding protein YbiT,,,,,,,,
46.58336881,Medium,P0A9W3,Energy-dependent translational throttle protein EttA ,,,,,,,,
49.97478077,Medium,P0A9W9,Protein YrdA,,,,,,,,
46.18697487,Medium,P0AA04,Phosphocarrier protein HPr ,,,,,,,,
55.40448375,Medium,P0AA10,50S ribosomal protein L13,,,,,,,,
63.37963245,Medium,P0AA16,Transcriptional regulatory protein OmpR,,,,,,,,
44.96898093,Unstable,P0AA43,Ribosomal small subunit pseudouridine synthase A ,,,,,,,,
52.83791682,Medium,P0AA47,Low-affinity putrescine importer PlaP,,,,,,,,
65.25347284,Stable,P0AA95,Uncharacterized protein YacC,,,,,,,,
60.94568417,Medium,P0AAC8,Iron-binding protein IscA ,,,,,,,,
48.36769242,Medium,P0AAI3,ATP-dependent zinc metalloprotease FtsH ,,,,,,,,
65.45085137,Stable,P0AAI5,3-oxoacyl-[acyl-carrier-protein] synthase 2 ,,,,,,,,
57.11721698,Medium,P0AAI9,Malonyl CoA-acyl carrier protein transacylase ,,,,,,,,
46.91528983,Medium,P0AAN9,Anti-adapter protein IraP,,,,,,,,
46.42638193,Medium,P0AAQ2,Uncharacterized protein YajD,,,,,,,,
65.92925605,Stable,P0AAT9,Uncharacterized protein YbeL,,,,,,,,
47.00897337,Medium,P0AAX8,"Probable L,D-transpeptidase YbiS ",,,,,,,,
53.91872376,Medium,P0AB24,Iron uptake system component EfeO,,,,,,,,
59.83817189,Medium,P0AB26,Uncharacterized lipoprotein YceB,,,,,,,,
64.97911287,Stable,P0AB28,Uncharacterized protein YceD ,,,,,,,,
56.44368569,Medium,P0AB55,Protein YciI,,,,,,,,
58.24363145,Medium,P0AB67,NAD,,,,,,,,
49.6777831,Medium,P0AB71,Fructose-bisphosphate aldolase class 2 ,,,,,,,,
54.03076429,Medium,P0AB77,2-amino-3-ketobutyrate coenzyme A ligase ,,,,,,,,
47.74649283,Medium,P0AB80,Branched-chain-amino-acid aminotransferase ,,,,,,,,
48.27392491,Medium,P0AB89,Adenylosuccinate lyase ,,,,,,,,
41.65769806,Unstable,P0AB91,"Phospho-2-dehydro-3-deoxyheptonate aldolase, Phe-sensitive ",,,,,,,,
62.53379499,Medium,P0ABA0,ATP synthase subunit b ,,,,,,,,
64.4695075,Stable,P0ABA6,ATP synthase gamma chain ,,,,,,,,
64.78551266,Stable,P0ABB0,ATP synthase subunit alpha ,,,,,,,,
62.99244439,Medium,P0ABB4,ATP synthase subunit beta ,,,,,,,,
59.65318817,Medium,P0ABB8,"Magnesium-transporting ATPase, P-type 1 ",,,,,,,,
54.66543865,Medium,P0ABC3,Modulator of FtsH protease HflC,,,,,,,,
45.40616446,Unstable,P0ABC7,Modulator of FtsH protease HflK,,,,,,,,
53.56153518,Medium,P0ABD3,Bacterioferritin ,,,,,,,,
61.14551934,Medium,P0ABE2,DNA-binding transcriptional regulator BolA,,,,,,,,
55.60451501,Medium,P0ABF6,Cytidine deaminase ,,,,,,,,
59.21822709,Medium,P0ABH7,Citrate synthase ,,,,,,,,
47.85696595,Medium,P0ABI8,Cytochrome bo,,,,,,,,
45.72200978,Unstable,P0ABK2,Cytochrome bd-I ubiquinol oxidase subunit 2 ,,,,,,,,
65.00979418,Stable,P0ABP8,Purine nucleoside phosphorylase DeoD-type ,,,,,,,,
46.0209647,Medium,P0ABQ0,Coenzyme A biosynthesis bifunctional protein CoaBC ,,,,,,,,
41.28881459,Unstable,P0ABU2,Ribosome-binding ATPase YchF,,,,,,,,
52.77448085,Medium,P0ABU9,Protein TolQ,,,,,,,,
56.72923344,Medium,P0ABZ4,3-deoxy-D-manno-octulosonate 8-phosphate phosphatase KdsC ,,,,,,,,
60.82937927,Medium,P0ABZ6,Chaperone SurA ,,,,,,,,
56.55255448,Medium,P0AC16,Dihydroneopterin aldolase ,,,,,,,,
45.90847101,Unstable,P0AC33,"Fumarate hydratase class I, aerobic ",,,,,,,,
52.64828389,Medium,P0AC38,Aspartate ammonia-lyase ,,,,,,,,
47.83082685,Medium,P0AC41,Succinate dehydrogenase flavoprotein subunit ,,,,,,,,
56.44744846,Medium,P0AC53,Glucose-6-phosphate 1-dehydrogenase ,,,,,,,,
49.75544989,Medium,P0AC59,Glutaredoxin-2 ,,,,,,,,
61.63930565,Medium,P0AC62,Glutaredoxin-3 ,,,,,,,,
54.1375344,Medium,P0AC69,Glutaredoxin-4 ,,,,,,,,
55.49873688,Medium,P0AC92,Protein GnsA,,,,,,,,
48.32287863,Medium,P0ACA1,Uncharacterized GST-like protein YibF,,,,,,,,
47.76521771,Medium,P0ACA3,Stringent starvation protein A,,,,,,,,
47.14534839,Medium,P0ACA7,Glutathione S-transferase GstB ,,,,,,,,
63.55140967,Medium,P0ACB2,Delta-aminolevulinic acid dehydratase ,,,,,,,,
45.19440002,Unstable,P0ACC7,Bifunctional protein GlmU [Includes: UDP-N-acetylglucosamine pyrophosphorylase ,,,,,,,,
45.70261281,Unstable,P0ACD4,Iron-sulfur cluster assembly scaffold protein IscU ,,,,,,,,
48.00370848,Medium,P0ACE7,Purine nucleoside phosphoramidase ,,,,,,,,
58.22297632,Medium,P0ACF0,DNA-binding protein HU-alpha ,,,,,,,,
43.61706799,Unstable,P0ACF8,DNA-binding protein H-NS ,,,,,,,,
56.84399812,Medium,P0ACJ0,Leucine-responsive regulatory protein,,,,,,,,
61.65016556,Medium,P0ACK2,Putative aga operon transcriptional repressor,,,,,,,,
46.8512539,Medium,P0ACL5,Glc operon transcriptional activator,,,,,,,,
45.59918893,Unstable,P0ACP7,HTH-type transcriptional repressor PurR ,,,,,,,,
45.91119634,Unstable,P0ACR9,Transcriptional repressor MprA ,,,,,,,,
69.21627204,Stable,P0ACX3,Putative monooxygenase YdhR ,,,,,,,,
45.31699951,Unstable,P0ACY1,Putative NAD,,,,,,,,
46.66518416,Medium,P0ACY3,Uncharacterized protein YeaG,,,,,,,,
43.70740413,Unstable,P0ACZ8,Transcriptional regulatory protein CusR,,,,,,,,
47.95002869,Medium,P0AD49,Ribosome-associated inhibitor A ,,,,,,,,
50.47103239,Medium,P0AD59,Inhibitor of vertebrate lysozyme,,,,,,,,
60.91681101,Medium,P0AD61,Pyruvate kinase I ,,,,,,,,
64.75387757,Stable,P0AD96,Leu/Ile/Val-binding protein ,,,,,,,,
59.74082396,Medium,P0ADA1,Acyl-CoA thioesterase I ,,,,,,,,
56.70811177,Medium,P0ADA3,Murein hydrolase activator NlpD,,,,,,,,
47.9452311,Medium,P0ADE8,tRNA-modifying protein YgfZ,,,,,,,,
50.66228441,Medium,P0ADF6,Phosphogluconate dehydratase ,,,,,,,,
58.49032844,Medium,P0ADI7,Isochorismatase family protein YecD ,,,,,,,,
48.67060611,Medium,P0ADN2,UPF0438 protein YifE,,,,,,,,
46.68419576,Medium,P0ADP0,5-amino-6-,,,,,,,,
49.58033934,Medium,P0ADR8,LOG family protein YgdH,,,,,,,,
54.01900455,Medium,P0ADS9,Uncharacterized protein YggN,,,,,,,,
53.01118712,Medium,P0ADT5,Putative acid--amine ligase YgiC ,,,,,,,,
56.85776234,Medium,P0ADU2,Probable quinol monooxygenase YgiN ,,,,,,,,
45.55911162,Unstable,P0ADV1,Lipopolysaccharide export system protein LptA,,,,,,,,
42.33191219,Unstable,P0ADV5,Uncharacterized protein YhbW,,,,,,,,
56.52546858,Medium,P0ADX5,Uncharacterized protein YhfG,,,,,,,,
50.43229692,Medium,P0ADY1,Peptidyl-prolyl cis-trans isomerase D ,,,,,,,,
69.70591717,Stable,P0ADY3,50S ribosomal protein L14,,,,,,,,
57.34765291,Medium,P0ADY7,50S ribosomal protein L16,,,,,,,,
67.61608981,Stable,P0ADZ0,50S ribosomal protein L23,,,,,,,,
64.69255463,Stable,P0ADZ4,30S ribosomal protein S15,,,,,,,,
57.60672968,Medium,P0ADZ7,UPF0092 membrane protein YajC,,,,,,,,
45.92103061,Unstable,P0AE01,tRNA ,,,,,,,,
45.73072698,Unstable,P0AE06,Multidrug efflux pump subunit AcrA ,,,,,,,,
62.76054247,Medium,P0AE08,Alkyl hydroperoxide reductase subunit C ,,,,,,,,
48.75784436,Medium,P0AE18,Methionine aminopeptidase ,,,,,,,,
47.14415397,Medium,P0AEA8,Siroheme synthase [Includes: Uroporphyrinogen-III C-methyltransferase ,,,,,,,,
58.56154347,Medium,P0AEB7,RutC family protein YoaB,,,,,,,,
57.77425516,Medium,P0AED7,Succinyl-diaminopimelate desuccinylase ,,,,,,,,
50.37651894,Medium,P0AEE5,D-galactose-binding periplasmic protein ,,,,,,,,
64.70077152,Stable,P0AEG4,Thiol:disulfide interchange protein DsbA,,,,,,,,
43.82625738,Unstable,P0AEG6,Thiol:disulfide interchange protein DsbC,,,,,,,,
45.92723218,Unstable,P0AEI1,tRNA-2-methylthio-N,,,,,,,,
45.31869324,Unstable,P0AEK4,Enoyl-[acyl-carrier-protein] reductase [NADH] FabI ,,,,,,,,
57.43597844,Medium,P0AEM9,L-cystine-binding protein FliY ,,,,,,,,
46.43270291,Medium,P0AEN1,NAD,,,,,,,,
45.64779586,Unstable,P0AEP3,UTP--glucose-1-phosphate uridylyltransferase ,,,,,,,,
55.54436476,Medium,P0AEQ1,Protein GlcG,,,,,,,,
62.00816073,Medium,P0AEQ3,Glutamine-binding periplasmic protein ,,,,,,,,
53.33677091,Medium,P0AES0,Bifunctional glutathionylspermidine synthetase/amidase ,,,,,,,,
54.79972802,Medium,P0AES2,Glucarate dehydratase ,,,,,,,,
57.71649103,Medium,P0AES4,DNA gyrase subunit A ,,,,,,,,
52.49758983,Medium,P0AES6,DNA gyrase subunit B ,,,,,,,,
56.37663407,Medium,P0AES9,Acid stress chaperone HdeA ,,,,,,,,
56.82532444,Medium,P0AET2,Acid stress chaperone HdeB ,,,,,,,,
51.10560834,Medium,P0AEU0,Histidine-binding periplasmic protein ,,,,,,,,
62.44183559,Medium,P0AEX9,Maltose-binding periplasmic protein ,,,,,,,,
56.73078011,Medium,P0AEZ9,Molybdenum cofactor biosynthesis protein B,,,,,,,,
56.75927605,Medium,P0AF12,5'-methylthioadenosine/S-adenosylhomocysteine nucleosidase ,,,,,,,,
58.63672704,Medium,P0AF18,N-acetylglucosamine-6-phosphate deacetylase ,,,,,,,,
60.62194075,Medium,P0AF50,Uncharacterized protein YjbR,,,,,,,,
51.24852314,Medium,P0AF63,HTH-type transcriptional repressor NsrR,,,,,,,,
49.09479287,Medium,P0AFA7,Na,,,,,,,,
59.18467307,Medium,P0AFD1,NADH-quinone oxidoreductase subunit E ,,,,,,,,
46.19503905,Medium,P0AFD6,NADH-quinone oxidoreductase subunit I ,,,,,,,,
43.75966306,Unstable,P0AFF6,Transcription termination/antitermination protein NusA ,,,,,,,,
50.06225952,Medium,P0AFG0,Transcription termination/antitermination protein NusG,,,,,,,,
48.52017744,Medium,P0AFG3,2-oxoglutarate dehydrogenase E1 component ,,,,,,,,
43.51088266,Unstable,P0AFG8,Pyruvate dehydrogenase E1 component ,,,,,,,,
58.90283802,Medium,P0AFK0,Metalloprotease PmbA ,,,,,,,,
55.32300729,Medium,P0AFL3,Peptidyl-prolyl cis-trans isomerase A ,,,,,,,,
53.94055714,Medium,P0AFM2,Glycine betaine/proline betaine-binding periplasmic protein ,,,,,,,,
53.87112873,Medium,P0AFM6,Phage shock protein A,,,,,,,,
69.44620727,Stable,P0AFM9,Phage shock protein B,,,,,,,,
47.34580725,Medium,P0AFU8,Riboflavin synthase ,,,,,,,,
46.53031045,Medium,P0AFX9,Sigma-E factor regulatory protein RseB,,,,,,,,
58.26236909,Medium,P0AFZ3,Stringent starvation protein B ,,,,,,,,
56.47724044,Medium,P0AG07,Ribulose-phosphate 3-epimerase ,,,,,,,,
49.4673224,Medium,P0AG16,Amidophosphoribosyltransferase ,,,,,,,,
67.39583689,Stable,P0AG18,N5-carboxyaminoimidazole ribonucleotide mutase ,,,,,,,,
52.369894,Medium,P0AG27,Uncharacterized protein YibN,,,,,,,,
45.66319763,Unstable,P0AG30,Transcription termination factor Rho ,,,,,,,,
55.84387251,Medium,P0AG51,50S ribosomal protein L30,,,,,,,,
66.36736749,Stable,P0AG55,50S ribosomal protein L6,,,,,,,,
62.8812233,Medium,P0AG59,30S ribosomal protein S14,,,,,,,,
47.63443446,Medium,P0AG67,30S ribosomal protein S1 ,,,,,,,,
69.21867368,Stable,P0AG78,Sulfate-binding protein ,,,,,,,,
56.01630296,Medium,P0AG80,sn-glycerol-3-phosphate-binding periplasmic protein UgpB,,,,,,,,
50.27118738,Medium,P0AG84,Uncharacterized oxidoreductase YghA ,,,,,,,,
58.68830861,Medium,P0AG86,Protein-export protein SecB,,,,,,,,
43.91771262,Unstable,P0AGB0,Phosphoserine phosphatase ,,,,,,,,
47.93761614,Medium,P0AGB6,ECF RNA polymerase sigma-E factor ,,,,,,,,
46.94456714,Medium,P0AGC3,Soluble lytic murein transglycosylase ,,,,,,,,
67.93934175,Stable,P0AGD1,Superoxide dismutase [Cu-Zn] ,,,,,,,,
66.80431442,Stable,P0AGE0,Single-stranded DNA-binding protein ,,,,,,,,
59.95565433,Medium,P0AGE6,Chromate reductase ,,,,,,,,
49.66539064,Medium,P0AGE9,Succinyl-CoA ligase [ADP-forming] subunit alpha ,,,,,,,,
55.77132165,Medium,P0AGG0,Thiamine-monophosphate kinase ,,,,,,,,
52.28534264,Medium,P0AGG2,Acyl-CoA thioesterase 2 ,,,,,,,,
64.71402353,Stable,P0AGG8,Metalloprotease TldD ,,,,,,,,
43.60998168,Unstable,P0AGJ5,Uncharacterized tRNA/rRNA methyltransferase YfiF ,,,,,,,,
53.07066071,Medium,P0AGJ9,Tyrosine--tRNA ligase ,,,,,,,,
64.33970161,Stable,P0C018,50S ribosomal protein L18,,,,,,,,
55.42940124,Medium,P0C037,UPF0345 protein YaiE,,,,,,,,
46.06037814,Medium,P0C093,Nucleoid occlusion factor SlmA ,,,,,,,,
49.69799513,Medium,P0C0V0,Periplasmic serine endoprotease DegP ,,,,,,,,
50.13870714,Medium,P0C8J6,"D-tagatose-1,6-bisphosphate aldolase subunit GatY ",,,,,,,,
48.98561535,Medium,P0C8J8,"D-tagatose-1,6-bisphosphate aldolase subunit GatZ",,,,,,,,
49.97160111,Medium,P0CE47,Elongation factor Tu 1 ,,,,,,,,
63.88223022,Medium,P0CK95,Putative lipoprotein AcfD homolog,,,,,,,,
56.329784,Medium,P10908,Glycerophosphoryl diester phosphodiesterase ,,,,,,,,
59.09272788,Medium,P11447,Argininosuccinate lyase ,,,,,,,,
47.00510858,Medium,P11454,Enterobactin synthase component F ,,,,,,,,
48.15682131,Medium,P11875,Arginine--tRNA ligase ,,,,,,,,
51.61878257,Medium,P12281,Molybdopterin molybdenumtransferase ,,,,,,,,
63.80223966,Medium,P12758,Uridine phosphorylase ,,,,,,,,
53.83242708,Medium,P12994,UPF0098 protein YbhB,,,,,,,,
46.52221702,Medium,P12996,Biotin synthase ,,,,,,,,
44.46303852,Unstable,P13009,Methionine synthase ,,,,,,,,
46.23634907,Medium,P13024,Protein FdhE,,,,,,,,
50.75151706,Medium,P13029,Catalase-peroxidase ,,,,,,,,
44.60750744,Unstable,P13445,RNA polymerase sigma factor RpoS ,,,,,,,,
63.82135083,Medium,P13482,Periplasmic trehalase ,,,,,,,,
48.60396665,Medium,P14900,UDP-N-acetylmuramoylalanine--D-glutamate ligase ,,,,,,,,
57.27467917,Medium,P15034,Xaa-Pro aminopeptidase ,,,,,,,,
46.18328092,Medium,P15042,DNA ligase ,,,,,,,,
46.34757725,Medium,P15254,Phosphoribosylformylglycinamidine synthase ,,,,,,,,
64.80478549,Stable,P15288,Cytosol non-specific dipeptidase ,,,,,,,,
50.70672636,Medium,P15639,Bifunctional purine biosynthesis protein PurH [Includes: Phosphoribosylaminoimidazolecarboxamide formyltransferase ,,,,,,,,
45.9020672,Unstable,P15640,Phosphoribosylamine--glycine ligase ,,,,,,,,
46.90338038,Medium,P15723,Deoxyguanosinetriphosphate triphosphohydrolase ,,,,,,,,
41.65964909,Unstable,P16456,"Selenide, water dikinase ",,,,,,,,
47.12437229,Medium,P16659,Proline--tRNA ligase ,,,,,,,,
50.21123098,Medium,P16679,Alpha-D-ribose 1-methylphosphonate 5-triphosphate synthase subunit PhnL ,,,,,,,,
60.44725077,Medium,P16700,Thiosulfate-binding protein,,,,,,,,
43.79898417,Unstable,P17109,2-succinyl-5-enolpyruvyl-6-hydroxy-3-cyclohexene-1-carboxylate synthase ,,,,,,,,
55.11926685,Medium,P17115,Arabinose 5-phosphate isomerase GutQ ,,,,,,,,
51.83651279,Medium,P17117,Oxygen-insensitive NADPH nitroreductase ,,,,,,,,
46.52154916,Medium,P17169,Glutamine--fructose-6-phosphate aminotransferase [isomerizing] ,,,,,,,,
44.469377,Unstable,P17846,Sulfite reductase [NADPH] hemoprotein beta-component ,,,,,,,,
47.39022447,Medium,P17854,Phosphoadenosine phosphosulfate reductase ,,,,,,,,
45.73664596,Unstable,P18133,Nicotinate phosphoribosyltransferase ,,,,,,,,
46.61447666,Medium,P18335,Acetylornithine/succinyldiaminopimelate aminotransferase ,,,,,,,,
57.71468072,Medium,P18390,Uncharacterized protein YjjA ,,,,,,,,
45.09358488,Unstable,P18843,NH,,,,,,,,
60.45225099,Medium,P18956,Gamma-glutamyltranspeptidase ,,,,,,,,
58.40204835,Medium,P19926,Glucose-1-phosphatase ,,,,,,,,
45.94801961,Unstable,P20099,Biotin sulfoxide reductase ,,,,,,,,
46.33672331,Medium,P21156,Sulfate adenylyltransferase subunit 2 ,,,,,,,,
47.03264934,Medium,P21165,Xaa-Pro dipeptidase ,,,,,,,,
53.23295143,Medium,P21170,Biosynthetic arginine decarboxylase ,,,,,,,,
48.6017771,Medium,P21177,Fatty acid oxidation complex subunit alpha [Includes: Enoyl-CoA hydratase/Delta,,,,,,,,
56.68373821,Medium,P21367,Uncharacterized protein YcaC,,,,,,,,
48.76628955,Medium,P21599,Pyruvate kinase II ,,,,,,,,
54.50251838,Medium,P21888,Cysteine--tRNA ligase ,,,,,,,,
59.71713796,Medium,P21889,Aspartate--tRNA ligase ,,,,,,,,
46.65172119,Medium,P22106,Asparagine synthetase B [glutamine-hydrolyzing] ,,,,,,,,
55.60382376,Medium,P22255,3',,,,,,,,
69.53933742,Stable,P22256,4-aminobutyrate aminotransferase GabT ,,,,,,,,
46.14686344,Medium,P22259,Phosphoenolpyruvate carboxykinase [ATP] ,,,,,,,,
45.28217856,Unstable,P22523,Chromosome partition protein MukB ,,,,,,,,
60.64914586,Medium,P23256,Protein MalY [Includes: Cystathionine beta-lyase MalY ,,,,,,,,
47.84191607,Medium,P23538,Phosphoenolpyruvate synthase ,,,,,,,,
59.91849569,Medium,P23721,Phosphoserine aminotransferase ,,,,,,,,
58.37061666,Medium,P23827,Ecotin,,,,,,,,
42.60218438,Unstable,P23836,Transcriptional regulatory protein PhoP,,,,,,,,
47.82832527,Medium,P23839,UPF0701 protein YicC,,,,,,,,
55.71399416,Medium,P23843,Periplasmic oligopeptide-binding protein,,,,,,,,
46.04313197,Medium,P23845,Sulfate adenylyltransferase subunit 1 ,,,,,,,,
69.62495778,Stable,P23847,Periplasmic dipeptide transport protein ,,,,,,,,
43.49440434,Unstable,P23865,Tail-specific protease ,,,,,,,,
46.39630843,Medium,P23869,Peptidyl-prolyl cis-trans isomerase B ,,,,,,,,
48.19762579,Medium,P23882,Methionyl-tRNA formyltransferase ,,,,,,,,
45.85208015,Unstable,P23908,Acetylornithine deacetylase ,,,,,,,,
62.98040419,Medium,P23917,Fructokinase ,,,,,,,,
45.90384771,Unstable,P24182,Biotin carboxylase ,,,,,,,,
60.95782369,Medium,P24186,Bifunctional protein FolD [Includes: Methylenetetrahydrofolate dehydrogenase ,,,,,,,,
68.39156121,Stable,P24230,ATP-dependent DNA helicase RecG ,,,,,,,,
49.75401987,Medium,P25437,S-,,,,,,,,
49.0188317,Medium,P25516,Aconitate hydratase A ,,,,,,,,
55.96424086,Medium,P25526,Succinate-semialdehyde dehydrogenase [NADP,,,,,,,,
51.09244891,Medium,P25539,Riboflavin biosynthesis protein RibD [Includes: Diaminohydroxyphosphoribosylaminopyrimidine deaminase ,,,,,,,,
60.58434167,Medium,P25553,Lactaldehyde dehydrogenase ,,,,,,,,
48.12304983,Medium,P25665,5-methyltetrahydropteroyltriglutamate--homocysteine methyltransferase ,,,,,,,,
60.36883902,Medium,P25740,Lipopolysaccharide core biosynthesis protein RfaG ,,,,,,,,
48.81348814,Medium,P25906,Putative oxidoreductase YdbC ,,,,,,,,
55.2003972,Medium,P26612,Cytoplasmic alpha-amylase ,,,,,,,,
41.28667014,Unstable,P26616,NAD-dependent malic enzyme ,,,,,,,,
47.00948137,Medium,P26646,Probable acrylyl-CoA reductase AcuI ,,,,,,,,
48.65548064,Medium,P27248,Aminomethyltransferase ,,,,,,,,
54.73660817,Medium,P27250,Aldehyde reductase Ahr ,,,,,,,,
54.24340163,Medium,P27298,Oligopeptidase A ,,,,,,,,
51.21514325,Medium,P27302,Transketolase 1 ,,,,,,,,
45.4730152,Unstable,P27431,50S ribosomal protein L16 3-hydroxylase ,,,,,,,,
48.47614913,Medium,P27550,Acetyl-coenzyme A synthetase ,,,,,,,,
58.39659593,Medium,P27828,UDP-N-acetylglucosamine 2-epimerase ,,,,,,,,
42.30044813,Unstable,P27830,"dTDP-glucose 4,6-dehydratase 2 ",,,,,,,,
57.4674487,Medium,P28304,Quinone oxidoreductase 1 ,,,,,,,,
41.35960732,Unstable,P28904,Trehalose-6-phosphate hydrolase ,,,,,,,,
58.33525689,Medium,P29012,"Alanine racemase, catabolic ",,,,,,,,
50.41124969,Medium,P29217,UPF0502 protein YceH ,,,,,,,,
52.34376797,Medium,P29745,Peptidase T ,,,,,,,,
57.788858,Medium,P30125,3-isopropylmalate dehydrogenase ,,,,,,,,
69.50616151,Stable,P30177,Uncharacterized protein YbiB,,,,,,,,
47.62874285,Medium,P30178,Uncharacterized oxidoreductase YbiC ,,,,,,,,
46.48558473,Medium,P30750,Methionine import ATP-binding protein MetN ,,,,,,,,
45.46226294,Unstable,P30850,Exoribonuclease 2 ,,,,,,,,
60.2716144,Medium,P30859,Putative ABC transporter arginine-binding protein 2,,,,,,,,
58.79675193,Medium,P30860,ABC transporter arginine-binding protein 1,,,,,,,,
50.857375,Medium,P30870,Glutamate-ammonia-ligase adenylyltransferase ,,,,,,,,
44.91210037,Unstable,P30958,Transcription-repair-coupling factor ,,,,,,,,
57.2983118,Medium,P31120,Phosphoglucosamine mutase ,,,,,,,,
68.8473216,Stable,P31133,Putrescine-binding periplasmic protein,,,,,,,,
54.80233685,Medium,P31142,3-mercaptopyruvate sulfurtransferase ,,,,,,,,
56.57293586,Medium,P31658,Protein deglycase 1 ,,,,,,,,
46.42227169,Medium,P31663,Pantothenate synthetase ,,,,,,,,
56.11728666,Medium,P31806,Bifunctional NAD,,,,,,,,
65.17389237,Stable,P31979,NADH-quinone oxidoreductase subunit F ,,,,,,,,
46.68001006,Medium,P32132,GTP-binding protein TypA/BipA ,,,,,,,,
45.9506401,Unstable,P32157,Protein YiiM,,,,,,,,
50.23851973,Medium,P32162,UPF0381 protein YiiS,,,,,,,,
49.63959193,Medium,P32662,Phosphoglycolate phosphatase ,,,,,,,,
46.14868791,Medium,P32680,Uncharacterized protein YjaG,,,,,,,,
46.25494109,Medium,P33030,Zinc-binding GTPase YeiR ,,,,,,,,
57.66381256,Medium,P33136,Glucans biosynthesis protein G,,,,,,,,
62.27802118,Medium,P33195,Glycine dehydrogenase ,,,,,,,,
43.40238217,Unstable,P33221,Phosphoribosylglycinamide formyltransferase 2 ,,,,,,,,
47.07658702,Medium,P33224,Putative acyl-CoA dehydrogenase AidB ,,,,,,,,
54.42938383,Medium,P33362,Glycine betaine-binding protein YehZ,,,,,,,,
58.4996645,Medium,P33363,Periplasmic beta-glucosidase ,,,,,,,,
50.66050205,Medium,P33570,Transketolase 2 ,,,,,,,,
49.98936543,Medium,P33599,NADH-quinone oxidoreductase subunit C/D ,,,,,,,,
40.80613976,Unstable,P33602,NADH-quinone oxidoreductase subunit G ,,,,,,,,
42.567518,Unstable,P33920,Nucleoid-associated protein YejK,,,,,,,,
60.41023258,Medium,P35340,Alkyl hydroperoxide reductase subunit F ,,,,,,,,
61.0317674,Medium,P36561,Adenosylcobinamide-GDP ribazoletransferase ,,,,,,,,
45.79895276,Unstable,P36683,Aconitate hydratase B ,,,,,,,,
48.63511568,Medium,P36767,Recombination-associated protein RdgC,,,,,,,,
58.52277686,Medium,P36938,Phosphoglucomutase ,,,,,,,,
57.52141637,Medium,P36979,Dual-specificity RNA methyltransferase RlmN ,,,,,,,,
58.61450949,Medium,P37051,Formyltetrahydrofolate deformylase ,,,,,,,,
65.18858629,Stable,P37329,Molybdate-binding periplasmic protein,,,,,,,,
66.96331003,Stable,P37330,Malate synthase G ,,,,,,,,
49.25262824,Medium,P37349,Protein-lysine deacetylase ,,,,,,,,
62.2607099,Medium,P37595,Isoaspartyl peptidase ,,,,,,,,
57.10178838,Medium,P37610,Alpha-ketoglutarate-dependent taurine dioxygenase ,,,,,,,,
61.52827205,Medium,P37631,Uncharacterized protein YhiN,,,,,,,,
61.68149959,Medium,P37634,Ribosomal RNA large subunit methyltransferase J ,,,,,,,,
45.51821096,Unstable,P37666,Glyoxylate/hydroxypyruvate reductase B ,,,,,,,,
58.52334932,Medium,P37689,"2,3-bisphosphoglycerate-independent phosphoglycerate mutase ",,,,,,,,
52.04854913,Medium,P37744,Glucose-1-phosphate thymidylyltransferase 1 ,,,,,,,,
44.16900255,Unstable,P37745,"dTDP-4-dehydrorhamnose 3,5-epimerase ",,,,,,,,
48.96151128,Medium,P37747,UDP-galactopyranose mutase ,,,,,,,,
44.30247162,Unstable,P37759,"dTDP-glucose 4,6-dehydratase 1 ",,,,,,,,
46.25918208,Medium,P37760,dTDP-4-dehydrorhamnose reductase ,,,,,,,,
58.09173754,Medium,P37773,"UDP-N-acetylmuramate--L-alanyl-gamma-D-glutamyl-meso-2,6-diaminoheptandioate ligase ",,,,,,,,
66.89649359,Stable,P37794,Chitooligosaccharide deacetylase ChbG ,,,,,,,,
60.61993872,Medium,P37902,Glutamate/aspartate import solute-binding protein,,,,,,,,
50.84698987,Medium,P38038,Sulfite reductase [NADPH] flavoprotein alpha-component ,,,,,,,,
46.93339841,Medium,P38489,Oxygen-insensitive NAD,,,,,,,,
46.20582145,Medium,P38521,Uncharacterized protein YggL,,,,,,,,
59.36743158,Medium,P39099,Periplasmic pH-dependent serine endoprotease DegQ ,,,,,,,,
67.9233678,Stable,P39172,High-affinity zinc uptake system protein ZnuA,,,,,,,,
56.79797776,Medium,P39173,Putative glucose-6-phosphate 1-epimerase ,,,,,,,,
52.02809845,Medium,P39180,Antigen 43 ,,,,,,,,
58.66276307,Medium,P39187,Uncharacterized protein YtfJ,,,,,,,,
45.46939773,Unstable,P39199,50S ribosomal protein L3 glutamine methyltransferase ,,,,,,,,
52.53308261,Medium,P39274,Uncharacterized protein YjdJ,,,,,,,,
42.67034286,Unstable,P39286,Putative ribosome biogenesis GTPase RsgA ,,,,,,,,
45.73005945,Unstable,P39315,Quinone oxidoreductase 2 ,,,,,,,,
49.35831712,Medium,P39325,ABC transporter periplasmic-binding protein YtfQ,,,,,,,,
47.21154593,Medium,P39371,N-acetylneuraminate epimerase ,,,,,,,,
48.56231377,Medium,P39406,Ribosomal RNA small subunit methyltransferase C ,,,,,,,,
50.82037116,Medium,P40120,Glucans biosynthesis protein D,,,,,,,,
54.62818287,Medium,P40874,N-methyl-L-tryptophan oxidase ,,,,,,,,
66.6527393,Stable,P42620,Glutathionyl-hydroquinone reductase YqjG ,,,,,,,,
44.53164106,Unstable,P42641,GTPase ObgE/CgtA ,,,,,,,,
46.73317468,Medium,P45394,Inner membrane protein YrbG,,,,,,,,
55.88869319,Medium,P45395,Arabinose 5-phosphate isomerase KdsD ,,,,,,,,
61.23116631,Medium,P45470,Protein deglycase 2 ,,,,,,,,
41.77413294,Unstable,P45523,FKBP-type peptidyl-prolyl cis-trans isomerase FkpA ,,,,,,,,
55.10368483,Medium,P45568,1-deoxy-D-xylulose 5-phosphate reductoisomerase ,,,,,,,,
44.98578368,Unstable,P45578,S-ribosylhomocysteine lyase ,,,,,,,,
43.88679115,Unstable,P45748,Threonylcarbamoyl-AMP synthase ,,,,,,,,
51.12038409,Medium,P45771,Uncharacterized protein YrdD,,,,,,,,
55.24364465,Medium,P45799,ADP compounds hydrolase NudE ,,,,,,,,
57.03783741,Medium,P45955,Uncharacterized protein YbgF,,,,,,,,
48.1849644,Medium,P46837,Protein YhgF,,,,,,,,
57.38983375,Medium,P46852,"Quercetin 2,3-dioxygenase ",,,,,,,,
62.295186,Medium,P46853,Uncharacterized oxidoreductase YhhX ,,,,,,,,
48.354759,Medium,P50457,4-aminobutyrate aminotransferase PuuE ,,,,,,,,
55.27865143,Medium,P52007,Protein YecM,,,,,,,,
47.87917323,Medium,P52061,dITP/XTP pyrophosphatase ,,,,,,,,
69.43470032,Stable,P52095,"Lysine decarboxylase, constitutive ",,,,,,,,
64.07916148,Stable,P52643,D-lactate dehydrogenase ,,,,,,,,
56.09281315,Medium,P52697,6-phosphogluconolactonase ,,,,,,,,
55.06163215,Medium,P56262,Putative carboxymethylenebutenolidase ,,,,,,,,
67.32857712,Stable,P60422,50S ribosomal protein L2,,,,,,,,
45.95219698,Unstable,P60546,Guanylate kinase ,,,,,,,,
47.43766103,Medium,P60560,GMP reductase ,,,,,,,,
42.38676079,Unstable,P60595,Imidazole glycerol phosphate synthase subunit HisH ,,,,,,,,
69.86034016,Stable,P60624,50S ribosomal protein L24,,,,,,,,
50.64577512,Medium,P60664,Imidazole glycerol phosphate synthase subunit HisF ,,,,,,,,
66.10213781,Stable,P60723,50S ribosomal protein L4,,,,,,,,
46.84142754,Medium,P60757,ATP phosphoribosyltransferase ,,,,,,,,
45.25992248,Unstable,P60906,Histidine--tRNA ligase ,,,,,,,,
46.74648524,Medium,P61175,50S ribosomal protein L22,,,,,,,,
52.93447365,Medium,P61316,Outer-membrane lipoprotein carrier protein ,,,,,,,,
55.32796056,Medium,P61517,Carbonic anhydrase 2 ,,,,,,,,
54.98773398,Medium,P61889,Malate dehydrogenase ,,,,,,,,
46.98600028,Medium,P61949,Flavodoxin-1,,,,,,,,
67.06980103,Stable,P62399,50S ribosomal protein L5,,,,,,,,
44.20362159,Unstable,P62620,4-hydroxy-3-methylbut-2-en-1-yl diphosphate synthase ,,,,,,,,
49.03411989,Medium,P62707,"2,3-bisphosphoglycerate-dependent phosphoglycerate mutase ",,,,,,,,
47.30156722,Medium,P63284,Chaperone protein ClpB ,,,,,,,,
52.33485322,Medium,P64503,Uncharacterized protein YebV,,,,,,,,
65.76591172,Stable,P64506,Uncharacterized protein YebY,,,,,,,,
46.10688637,Medium,P64596,Uncharacterized protein YraP,,,,,,,,
54.46966927,Medium,P65367,Uncharacterized protein YqcA,,,,,,,,
42.05662982,Unstable,P65556,Uncharacterized Nudix hydrolase YfcD ,,,,,,,,
52.84421447,Medium,P68206,UPF0337 protein YjbJ,,,,,,,,
49.7121538,Medium,P68679,30S ribosomal protein S21,,,,,,,,
66.86405507,Stable,P68919,50S ribosomal protein L25,,,,,,,,
57.96328576,Medium,P69222,Translation initiation factor IF-1,,,,,,,,
42.55206883,Unstable,P69441,Adenylate kinase ,,,,,,,,
55.45127001,Medium,P69503,Adenine phosphoribosyltransferase ,,,,,,,,
47.55791801,Medium,P69776,Major outer membrane lipoprotein Lpp ,,,,,,,,
68.82257703,Stable,P69783,Glucose-specific phosphotransferase enzyme IIA component ,,,,,,,,
44.19942529,Unstable,P69786,PTS system glucose-specific EIICB component ,,,,,,,,
60.1663484,Medium,P69797,PTS system mannose-specific EIIAB component ,,,,,,,,
42.4811928,Unstable,P69828,Galactitol-specific phosphotransferase enzyme IIA component ,,,,,,,,
67.17109084,Stable,P69829,Nitrogen regulatory protein ,,,,,,,,
65.86349541,Stable,P69908,Glutamate decarboxylase alpha ,,,,,,,,
62.89035924,Medium,P69910,Glutamate decarboxylase beta ,,,,,,,,
65.71420822,Stable,P69913,Carbon storage regulator,,,,,,,,
51.60690275,Medium,P69924,Ribonucleoside-diphosphate reductase 1 subunit beta ,,,,,,,,
58.26905505,Medium,P75679,Transposase InsN for insertion sequence element IS911A,,,,,,,,
62.13159142,Medium,P75691,Aldehyde reductase YahK ,,,,,,,,
52.40143449,Medium,P75745,Uncharacterized protein YbgK,,,,,,,,
65.36728246,Stable,P75797,Glutathione-binding protein GsiB,,,,,,,,
41.24570867,Unstable,P75809,5-amino-6-,,,,,,,,
68.91248096,Stable,P75823,Low specificity L-threonine aldolase ,,,,,,,,
43.95034061,Unstable,P75838,Ribosomal protein S12 methylthiotransferase accessory factor YcaO,,,,,,,,
45.77428357,Unstable,P75863,Uncharacterized protein YcbX,,,,,,,,
55.07825072,Medium,P75874,Uncharacterized protein YccU,,,,,,,,
55.21156937,Medium,P75913,Glyoxylate/hydroxypyruvate reductase A ,,,,,,,,
46.54020022,Medium,P75915,Chaperone protein YcdY,,,,,,,,
61.97249548,Medium,P75959,N-acetyl-D-glucosamine kinase ,,,,,,,,
59.29652668,Medium,P76004,Uncharacterized protein YcgM,,,,,,,,
50.23283941,Medium,P76014,"PEP-dependent dihydroxyacetone kinase, ADP-binding subunit DhaL ",,,,,,,,
55.15260135,Medium,P76015,"PEP-dependent dihydroxyacetone kinase, dihydroxyacetone-binding subunit DhaK ",,,,,,,,
47.32036128,Medium,P76097,Uncharacterized protein YdcJ,,,,,,,,
51.88382515,Medium,P76100,Uncharacterized acetyltransferase YdcK ,,,,,,,,
63.92941078,Medium,P76108,Putative ABC transporter periplasmic-binding protein YdcS,,,,,,,,
56.59573164,Medium,P76113,NADPH-dependent curcumin reductase ,,,,,,,,
56.05110668,Medium,P76116,Uncharacterized protein YncE,,,,,,,,
57.98858274,Medium,P76142,Autoinducer 2-binding protein LsrB ,,,,,,,,
51.2330772,Medium,P76145,Trans-aconitate 2-methyltransferase ,,,,,,,,
46.4451054,Medium,P76177,Protein YdgH,,,,,,,,
59.07163422,Medium,P76187,Oxidoreductase YdhF ,,,,,,,,
44.1141657,Unstable,P76193,"Probable L,D-transpeptidase YnhG ",,,,,,,,
54.21816304,Medium,P76268,Transcriptional regulator KdgR,,,,,,,,
49.50681408,Medium,P76270,Free methionine-R-sulfoxide reductase ,,,,,,,,
68.81211642,Stable,P76290,Carboxy-S-adenosyl-L-methionine synthase ,,,,,,,,
43.93405767,Unstable,P76329,Mannosyl-3-phosphoglycerate phosphatase ,,,,,,,,
54.37095071,Medium,P76402,UPF0339 protein YegP,,,,,,,,
46.94013563,Medium,P76541,Ethanolamine utilization protein EutL,,,,,,,,
47.17562609,Medium,P76558,NADP-dependent malic enzyme ,,,,,,,,
47.95663244,Medium,P76569,Uncharacterized protein YfgD,,,,,,,,
54.59626171,Medium,P77170,Putative DNA-invertase from lambdoid prophage Qin,,,,,,,,
58.20648127,Medium,P77173,Cell division protein ZipA ,,,,,,,,
58.20648127,Medium,P77214,Cation efflux system protein CusF,,,,,,,,
56.27955535,Stable,P77247,2-deoxyglucose-6-phosphate phosphatase ,,,,,,,,
64.99830926,Medium,P77348,Periplasmic murein peptide-binding protein,,,,,,,,
49.19156835,Unstable,P77374,Putative dimethyl sulfoxide reductase chain YnfE ,,,,,,,,
44.14392726,Medium,P77395,Uncharacterized protein YbbN,,,,,,,,
53.55709943,Medium,P77488,1-deoxy-D-xylulose-5-phosphate synthase ,,,,,,,,
49.73070819,Unstable,P77499,Probable ATP-dependent transporter SufC,,,,,,,,
44.8455207,Unstable,P77544,Glutathione S-transferase YfcF ,,,,,,,,
41.55557542,Medium,P77554,Uncharacterized protein YahJ,,,,,,,,
54.72758752,Medium,P77581,Succinylornithine transaminase ,,,,,,,,
52.65155658,Unstable,P77674,Gamma-aminobutyraldehyde dehydrogenase ,,,,,,,,
44.29442966,Medium,P77690,UDP-4-amino-4-deoxy-L-arabinose--oxoglutarate aminotransferase ,,,,,,,,
49.23539805,Unstable,P77718,tRNA sulfurtransferase ,,,,,,,,
45.97575056,Unstable,P77739,Uncharacterized protein YniA,,,,,,,,
40.40020018,Stable,P77754,Periplasmic chaperone Spy ,,,,,,,,
65.10763982,Medium,P77806,Methionine aminotransferase ,,,,,,,,
60.54647153,Medium,P77808,NMN amidohydrolase-like protein YfaY,,,,,,,,
46.37536867,Unstable,P78067,Thiosulfate sulfurtransferase YnjE ,,,,,,,,
43.47855719,Unstable,Q2M7R5,Uncharacterized protein YibT,,,,,,,,
45.88175505,Medium,Q46829,6-phospho-beta-glucosidase BglA ,,,,,,,,
53.80227182,Unstable,Q46845,Disulfide-bond oxidoreductase YghU ,,,,,,,,
42.4286969,Stable,Q46851,L-glyceraldehyde 3-phosphate reductase ,,,,,,,,
69.78891765,Medium,Q46856,Alcohol dehydrogenase YqhD ,,,,,,,,
57.94076422,Medium,Q46857,"2,5-diketo-D-gluconic acid reductase A ",,,,,,,,
49.89076279,Medium,Q46868,Uncharacterized protein YqiC,,,,,,,,
63.56860725,Unstable,Q46920,NADPH-dependent 7-cyano-7-deazaguanine reductase ,,,,,,,,
43.90531909,Unstable,Q57261,tRNA pseudouridine synthase D ,,,,,,,,
43.82467459,Medium,Q59385,Copper-exporting P-type ATPase A ,,,,,,,,