UniProt_ID,set
P00350,-
P00370,-
P00448,-
P00509,-
P00634,-
P00805,-
P00861,-
P00903,-
P00909,-
P00934,-
P00935,test
P00946,-
P00954,-
P02358,-
P02359,-
P02413,-
P02925,-
P03813,-
P03817,-
P04036,-
P04335,-
P04391,-
P04425,-
P04805,-
P04816,-
P04846,-
P04949,-
P04951,-
P05020,-
P05042,-
P05194,-
P05459,-
P05793,-
P06715,-
P06720,-
P06721,-
P06960,test
P06968,-
P06986,-
P06987,-
P06996,-
P06999,-
P07004,-
P07012,-
P07014,-
P07102,-
P07623,-
P07650,-
P07862,-
P07913,-
P08179,-
P08192,-
P08200,-
P08244,-
P08312,-
P08337,test
P08506,-
P09029,-
P09030,-
P09147,-
P09148,-
P09158,test
P09372,test
P09394,-
P09424,-
P09551,-
P09832,-
P0A6A3,test
P0A6A8,-
P0A6B7,-
P0A6D3,-
P0A6E4,-
P0A6E6,-
P0A6F1,-
P0A6F3,test
P0A6F9,-
P0A6G7,test
P0A6I6,-
P0A6J8,-
P0A6K1,-
P0A6K6,-
P0A6L0,test
P0A6L2,-
P0A6M4,-
P0A6N4,-
P0A6N8,-
P0A6P1,-
P0A6P5,-
P0A6P9,test
P0A6Q3,-
P0A6R0,-
P0A6S7,-
P0A6U5,-
P0A6V8,-
P0A6X7,-
P0A6Y1,-
P0A6Y5,-
P0A707,-
P0A715,-
P0A717,-
P0A722,-
P0A729,-
P0A734,-
P0A746,-
P0A759,-
P0A784,-
P0A786,-
P0A794,test
P0A796,-
P0A799,-
P0A7B8,-
P0A7C6,-
P0A7D4,test
P0A7D7,test
P0A7F3,-
P0A7G2,-
P0A7H6,-
P0A7I7,-
P0A7J3,test
P0A7J7,-
P0A7K2,-
P0A7K6,-
P0A7L0,-
P0A7L8,-
P0A7M2,-
P0A7M6,-
P0A7M9,-
P0A7R1,-
P0A7R5,-
P0A7R9,-
P0A7S3,-
P0A7S9,-
P0A7T3,-
P0A7T7,-
P0A7U3,-
P0A7U7,-
P0A7V0,-
P0A7V3,-
P0A7V8,-
P0A7W1,-
P0A7W7,-
P0A7X3,-
P0A7X6,-
P0A7Z0,-
P0A7Z4,-
P0A805,-
P0A817,-
P0A821,-
P0A823,-
P0A825,-
P0A832,-
P0A836,-
P0A847,test
P0A850,test
P0A853,-
P0A855,test
P0A858,-
P0A862,-
P0A867,-
P0A870,-
P0A877,-
P0A879,-
P0A890,test
P0A894,-
P0A8A0,-
P0A8C4,-
P0A8E7,-
P0A8F0,-
P0A8G6,-
P0A8H8,-
P0A8J4,-
P0A8K5,-
P0A8L1,-
P0A8M0,-
P0A8N3,test
P0A8N5,-
P0A8P3,-
P0A8T1,-
P0A8W8,-
P0A8X2,-
P0A8Z0,-
P0A953,-
P0A988,-
P0A993,-
P0A9A9,-
P0A9B2,-
P0A9C3,-
P0A9C5,-
P0A9D2,-
P0A9D8,test
P0A9F3,-
P0A9G6,-
P0A9G8,-
P0A9J8,-
P0A9K3,test
P0A9L3,-
P0A9L8,-
P0A9M2,-
P0A9M5,-
P0A9N4,-
P0A9Q1,-
P0A9Q9,-
P0A9R4,-
P0A9S3,-
P0A9T0,-
P0A9T4,-
P0A9W9,-
P0AA04,-
P0AA10,-
P0AA16,-
P0AA43,-
P0AA47,-
P0AA95,-
P0AAC8,-
P0AAI5,-
P0AAI9,-
P0AAN9,-
P0AAQ2,-
P0AAT9,-
P0AAX8,-
P0AB24,-
P0AB26,-
P0AB28,-
P0AB55,-
P0AB67,-
P0AB71,-
P0AB77,-
P0AB80,-
P0AB89,-
P0AB91,-
P0ABA0,-
P0ABA6,-
P0ABB4,-
P0ABC3,-
P0ABC7,-
P0ABD3,-
P0ABE2,-
P0ABF6,-
P0ABH7,-
P0ABK2,-
P0ABP8,-
P0ABQ0,-
P0ABU2,-
P0ABU9,-
P0ABZ4,-
P0ABZ6,test
P0AC16,-
P0AC38,-
P0AC53,-
P0AC59,-
P0AC62,-
P0AC69,-
P0ACA1,-
P0ACA3,-
P0ACA7,-
P0ACB2,-
P0ACC7,-
P0ACD4,-
P0ACE7,-
P0ACF0,-
P0ACF8,-
P0ACJ0,-
P0ACK2,-
P0ACL5,-
P0ACP7,-
P0ACR9,-
P0ACX3,-
P0ACY1,-
P0ACZ8,-
P0AD49,test
P0AD59,-
P0AD61,test
P0AD96,-
P0ADA1,-
P0ADA3,-
P0ADE8,-
P0ADI7,-
P0ADN2,-
P0ADP0,-
P0ADR8,-
P0ADS9,-
P0ADT5,-
P0ADU2,-
P0ADV1,-
P0ADV5,-
P0ADY3,-
P0ADY7,-
P0ADZ0,-
P0ADZ4,-
P0ADZ7,test
P0AE01,-
P0AE06,-
P0AE08,-
P0AE18,-
P0AEA8,-
P0AEB7,test
P0AED7,-
P0AEE5,-
P0AEG4,-
P0AEG6,-
P0AEI1,-
P0AEK4,-
P0AEM9,-
P0AEN1,-
P0AEP3,-
P0AEQ1,test
P0AEQ3,-
P0AES2,-
P0AES9,-
P0AET2,-
P0AEU0,-
P0AEX9,-
P0AEZ9,-
P0AF12,-
P0AF18,-
P0AF50,-
P0AF63,-
P0AFD1,-
P0AFD6,-
P0AFF6,-
P0AFG0,-
P0AFK0,-
P0AFL3,-
P0AFM2,-
P0AFM6,-
P0AFM9,-
P0AFU8,-
P0AFX9,-
P0AFZ3,-
P0AG07,-
P0AG16,-
P0AG18,-
P0AG27,-
P0AG30,-
P0AG55,-
P0AG59,-
P0AG78,-
P0AG80,-
P0AG84,-
P0AG86,-
P0AGB0,-
P0AGB6,-
P0AGD1,-
P0AGE0,-
P0AGE6,-
P0AGE9,-
P0AGG0,-
P0AGG2,-
P0AGG8,test
P0AGJ5,test
P0AGJ9,-
P0C018,-
P0C037,-
P0C093,-
P0C0V0,-
P0C8J6,-
P0C8J8,-
P0CE47,-
P10908,-
P11447,-
P12281,-
P12758,-
P12994,-
P12996,-
P13024,-
P13445,-
P14900,-
P15034,-
P15288,-
P15640,-
P15723,-
P16456,-
P16679,test
P16700,-
P17115,-
P17117,-
P17854,-
P18133,-
P18335,-
P18390,-
P18843,-
P19926,test
P21156,-
P21165,-
P21367,-
P21599,test
P21888,-
P22255,-
P22256,-
P23256,-
P23721,-
P23827,-
P23836,-
P23839,test
P23845,-
P23869,-
P23882,-
P23908,-
P23917,-
P24182,test
P24186,-
P25437,-
P25526,-
P25539,-
P25553,-
P25740,-
P25906,-
P26612,-
P26646,-
P27248,-
P27250,-
P27431,-
P27828,-
P27830,-
P28304,-
P29012,-
P29217,-
P29745,-
P30125,-
P30177,test
P30178,-
P30750,test
P30859,-
P30860,-
P31120,-
P31133,-
P31142,-
P31658,-
P31663,-
P31979,test
P32157,-
P32162,-
P32662,-
P32680,-
P33030,-
P33136,test
P33221,-
P33362,-
P33920,-
P36561,-
P36767,-
P36979,-
P37051,-
P37329,-
P37349,-
P37595,-
P37610,-
P37631,-
P37634,-
P37666,-
P37744,-
P37745,-
P37747,-
P37759,test
P37760,-
P37773,-
P37794,-
P37902,-
P38489,-
P38521,-
P39099,-
P39172,-
P39173,-
P39187,test
P39199,-
P39274,-
P39286,-
P39315,-
P39325,-
P39371,-
P39406,-
P40874,-
P42620,-
P42641,-
P45394,-
P45395,-
P45470,-
P45523,-
P45568,-
P45578,-
P45748,-
P45771,-
P45799,test
P45955,-
P46852,-
P46853,-
P50457,-
P52007,-
P52061,-
P52643,-
P52697,-
P56262,-
P60422,-
P60546,-
P60560,-
P60595,-
P60624,-
P60664,-
P60723,-
P60757,-
P60906,-
P61175,-
P61316,test
P61517,-
P61889,-
P61949,-
P62399,-
P62620,-
P62707,test
P64503,-
P64506,-
P64596,-
P65367,-
P65556,test
P68206,test
P68679,-
P68919,-
P69222,-
P69441,-
P69503,-
P69776,-
P69783,-
P69786,-
P69797,-
P69828,-
P69829,-
P69908,-
P69910,-
P69913,-
P69924,-
P75679,-
P75691,-
P75745,-
P75809,-
P75823,-
P75863,-
P75874,-
P75913,-
P75915,-
P75959,-
P76004,-
P76014,-
P76015,-
P76097,-
P76100,-
P76108,-
P76113,-
P76116,-
P76142,-
P76145,-
P76177,-
P76187,-
P76193,-
P76268,-
P76270,-
P76290,-
P76329,-
P76402,-
P76541,-
P76569,-
P77170,-
P77173,-
P77214,-
P77247,-
P77395,-
P77499,-
P77544,-
P77554,-
P77581,-
P77674,-
P77690,-
P77718,-
P77739,-
P77754,-
P77806,-
P77808,-
P78067,-
Q2M7R5,-
Q46829,-
Q46845,-
Q46851,-
Q46856,-
Q46857,-
Q46868,-
Q46920,-
Q57261,-
A3KFL4,-
B4DJP7,-
B4DP21,-
B4DQJ8,-
B4DS69,-
B4DTG2,-
B4DTG6,-
B4DX68,-
B4DZW6,-
B4E1K7,-
B4E241,test
B7Z4K6,-
B7Z9G5,-
E9PB14,-
E9PH29,-
F8WA83,-
Q5QPP2,-
E5RFZ8,-
E7EV45,-
H7C0E5,-
Q6DD87,-
M0QXZ5,-
D6R9C8,-
Q96NC0,-
Q8WU90,-
P16989,test
Q6UXN9,-
P61964,-
C9JCS7,-
O43516,-
E5RIA0,test
P08670,-
Q9P0L0,-
P50552,-
Q9NP79,-
O75351,-
Q9UBQ0,-
P21283,-
P21281,-
P54727,-
K7ELW1,-
Q16851,-
H0Y5R6,-
Q9Y224,-
Q9NZ63,-
F8W031,-
H0YIV9,-
D6RAR5,-
E9PJ81,test
Q9BZL1,-
P11441,-
Q9Y3C8,-
Q15819,-
Q16763,-
P68036,-
F5GYN4,-
O95777,-
Q9UK45,-
P62312,-
P62310,-
Q9Y333,-
Q96DI7,-
O43818,-
P08579,-
P08621,-
Q86UY0,-
Q12792,-
O43399,test
P23381,-
P67936,-
H7BYY1,-
Q9NYL9,-
Q9Y3I0,-
P60174,-
P13693,test
Q9BSH4,-
C9J5W6,-
P37802,-
P25490,-
Q00577,-
P29084,-
O60675,-
P17535,-
Q9NZI6,-
P20290,-
E5RHG8,-
P23193,test
O43715,-
P23919,-
P19971,-
Q6I9Y2,-
Q86W42,-
Q99757,-
K7ER96,-
E9PIR7,-
O95881,-
B4DUR8,-
Q8IV01,test
O15498,-
Q969G3,-
F8VRQ4,-
P00441,-
H3BQQ9,-
B3KNJ4,-
Q8NBJ7,-
Q96I99,-
Q9P2R7,test
Q9NX18,-
Q9GZT3,-
Q9Y3B4,-
Q9BWJ5,-
Q12874,-
Q9P013,-
Q13838,-
P52788,-
Q9UNH7,-
O60493,-
C9J0K6,test
P61956,-
B8ZZN6,-
P62316,-
P62314,-
O43805,-
P37108,-
P50454,-
P35237,-
P36873,-
P62136,-
P67775,-
P63151,-
Q16629,-
Q13247,test
Q05519,-
Q9Y3F4,-
M0R259,-
P34897,-
G3V1Q4,-
Q15019,-
D6RER5,-
P35270,-
Q13228,-
P63208,-
P10768,-
P31153,-
Q5QPL9,-
Q9Y5S9,-
Q9BWF3,-
H0Y6E7,-
Q6P6C2,-
Q96AT9,test
P16083,-
Q9Y3A5,-
P78345,-
J3KTF8,-
M0QZH0,test
Q14257,-
P15927,-
C9JW69,-
P63244,-
P51148,-
P61106,-
P63000,-
Q15404,-
Q9UN86,-
Q13283,test
B7Z7F3,-
C9JH92,-
Q9H974,-
K7EL95,-
P11177,-
P08559,-
J3QQV6,test
Q58FF6,-
P00491,test
P35247,-
G3V5N7,-
P22061,-
Q86X45,test
Q9Y2Z0,-
Q01105,-
Q99584,-
R4GN98,-
Q96PU8,-
Q9BPW8,test
Q96A72,-
Q8N5H3,-
Q96C01,-
H7BZJ3,-
P07237,-
P35659,test
K7ELW0,-
Q9UKY7,test
Q99436,test
P20618,-
O14818,-
P28066,-
P25788,-
P25787,-
P25786,-
G3V295,-
P61289,-
Q06323,test
Q9UQ80,-
P12004,test
P12273,test
O75340,-
O14737,-
Q53EL6,-
P07737,-
M0QZC0,-
O15212,-
H3BPF6,-
Q9NQP4,-
P61758,-
Q9UHV9,-
Q9UMS4,test
Q6NZI2,-
Q9H074,-
P15151,-
P43034,-
Q8NC51,-
Q9GZP4,-
P78330,-
Q9Y617,-
Q9H814,-
P18669,-
P00558,-
B3KYB6,-
P30086,-
Q7RTV0,-
P30041,-
P30044,-
Q13162,-
P32119,-
Q06830,-
Q9H2H8,-
Q9Y680,-
Q02790,-
Q00688,-
P26885,-
P30405,-
Q9UNP9,-
P23284,-
P62937,-
C9JQD4,-
Q9NR12,-
O00151,-
Q5JVF3,-
Q9BRP8,-
P36551,test
P04181,-
Q9NQR4,-
J3KQ32,-
Q99733,-
F8VUX1,-
Q32Q12,-
Q96EE3,-
Q8NFH4,-
O75607,-
P06748,-
A6NKZ9,-
H3BUP2,-
Q02818,test
Q9UKX7,-
P52298,-
Q9NVX2,test
Q15233,-
Q9GZT8,-
M0QXH7,-
Q15818,-
F8W1N5,-
O75489,-
P51970,-
C9IZN5,-
B4DLR8,-
B7Z8V7,-
P29966,-
J3QRS3,-
P60660,-
Q8WVH6,-
Q9NUJ1,-
Q9UNW1,-
P22234,-
P78406,-
O43148,-
O15198,-
B3KTM8,-
Q13257,-
J3QT28,-
Q16539,-
P28482,-
O75439,-
Q7L0Y3,-
P62072,-
H7C1S6,-
H3BTL1,-
Q9BQA1,-
P51608,-
O95983,-
D6RF21,test
P50579,-
P53582,test
Q9NZL9,-
P55145,-
O15173,-
P11310,-
P40926,-
P40925,test
P14174,-
Q7L5Y9,-
Q96S90,test
P05455,-
P24666,-
Q14847,-
P30740,-
Q96AG4,-
Q14696,-
E9PHS0,-
Q04760,-
P07195,-
P00338,-
Q16719,-
Q07666,-
P05787,-
O43790,-
P05783,-
Q04695,-
P08779,-
P02533,-
Q6UW63,-
H0YN10,-
Q13907,-
P50213,-
Q15181,-
Q16775,-
P50502,-
P09017,test
Q09028,-
P62805,-
P84243,-
Q5QNW6,-
Q71UI9,-
P10412,-
Q9BX68,-
E9PES6,-
G3V4C1,-
P22626,-
P31942,-
P52597,-
F8W6I7,-
D6R9P3,-
P04792,-
Q7Z4H3,-
Q9Y2T3,-
Q9UIJ7,-
B5MDF5,-
Q9HAV7,-
I3L3Q4,-
P30419,test
P01215,test
P23434,-
P04406,-
P09211,-
P78417,-
P21266,-
Q86SX6,test
P09382,-
Q96GK7,-
P09972,-
H3BQN4,-
Q5JXI8,-
P39748,-
Q6DN72,-
P05413,-
Q01469,-
B3KVN2,-
P14324,-
Q9NVF7,-
P52907,-
Q15024,-
Q5RKV6,-
P56537,-
I3L397,-
P55010,-
Q7L2H7,-
K7ERF1,-
O75822,test
Q13347,-
K7ER90,-
P60228,-
P41091,-
P20042,-
P05198,test
P38919,-
Q96HE7,-
J3KMY5,-
P30084,-
F8WAW4,-
P42126,-
P84090,-
Q9UNN8,-
O60869,-
P30040,-
P49411,-
P29692,-
P24534,-
P68104,-
P38117,-
P13804,-
H7C0Q6,-
Q9NP97,-
P25685,-
F5H170,-
O60884,-
P31689,-
O15514,-
O15446,-
G3V3M6,-
H0YCY8,-
Q9H5Q4,-
P36957,-
P09622,-
P55039,-
Q9Y295,-
H0YMM5,-
D6RCP9,-
Q13011,-
F8WC68,-
O75618,-
Q9H773,-
H0YCN4,-
Q96EP5,-
P14854,-
Q96BR5,test
Q9NYJ1,-
C9JFR7,-
P14927,-
Q9UHD1,test
P21291,-
P33552,-
Q00534,-
F8VZZ0,-
P24941,-
P12277,-
Q9UEE9,-
O00244,-
E7EM64,-
Q92905,-
Q07021,-
H0Y4E5,-
B5MBW9,-
C9JQ41,-
Q86WR0,-
Q8WUD4,-
Q9Y281,-
G3V1A4,-
P48444,-
Q14019,-
P10909,-
Q8N684,test
O43809,-
P45973,test
Q13185,-
Q9Y3Y2,-
O00299,-
P62633,-
D6RDJ1,-
P60953,-
B4DUX0,-
B7Z7Q7,-
B4DTC3,-
H0YD13,-
H0YGT2,-
P07339,-
P67870,-
P68400,-
Q8N4J0,-
B7Z5J4,-
Q96DG6,-
P16152,-
B1AK87,-
O43852,-
P27797,-
E7ETZ0,-
Q9HB71,-
Q9BXU9,-
Q99653,-
D6RAX2,-
Q13895,-
P80723,-
Q9H3K6,-
Q53H82,-
P61769,-
H0YI57,-
P35613,-
Q7L1Q6,-
O75531,-
O75947,-
H0YH81,-
Q9UBB4,-
P14868,test
P17174,-
P08758,-
Q5TZF3,-
Q96DE5,-
Q6FI81,-
Q12904,-
L0R819,-
P06733,test
P30533,-
P15121,-
P10109,-
P84077,-
P00568,-
P54819,test
P23526,-
P55263,-
P00813,-
E5RGR0,-
P07108,-
O14561,-
P53999,-
P60709,-
P68133,-
P61158,-
F8WDD7,-
P61160,-
O96019,-
Q9BTT0,-
Q92688,-
P39687,-
P24752,-
Q9BWD1,-
P18124,-
P46777,-
P36578,-
P62888,-
Q92901,-
E9PLL6,-
P61353,-
P62750,-
P50914,-
P30050,-
A6QRI9,-
O95336,-
Q5TFE4,-
C9J9K3,-
B5MCT8,-
Q5JR95,-
P62753,-
P23396,-
P62857,-
Q8WVC2,-
P60866,-
H0YEN5,-
P62277,-
P25398,-
P46783,-
P49189,-
Q96IR7,-
Q8N5N7,-
Q13405,-
Q9BRJ2,-
Q9NQ50,-
P49406,-
P52815,-
C9JQQ2,-
P42765,-
B1AK13,-
P31937,-
Q99714,-
P82909,-
P51398,-
Q16401,-
O00232,-
O00231,-
B1AJY7,-
P62195,-
P35998,-
P43686,-
P62191,-
P63104,-
P31947,-
P61981,test
Q04917,-
P62258,-
P31946,test
P61604,-
Q9BV57,-
P22943,-
P33299,-
Q01939,-
P38886,-
P32496,-
O13563,-
Q12250,-
Q06103,-
Q08723,-
Q04062,-
P47096,-
Q12452,test
P38342,-
P32179,-
P10662,-
P53733,-
P17649,-
P19881,-
P32905,-
P23248,-
P46784,-
P0CX47,test
P48589,-
P39516,-
Q01855,-
P0CX51,-
P02407,-
P0CX55,-
P07281,-
P25443,-
P38701,-
P0C0V8,-
Q3E754,test
P0C0W1,-
P0CX29,-
P0CX31,-
P0C0T4,-
P39938,-
P38711,-
Q3E7X9,-
P05750,test
P0CX33,-
P0CX35,-
P26783,-
P0CX37,test
P26786,-
P48164,-
P0CX39,-
O13516,-
P53163,-
P38720,-
P38858,-
P50861,-
P05318,-
P10622,-
P05319,-
P02400,-
P0CX43,-
P41805,-
P0C0W9,-
P0CX53,-
Q12690,-
P05748,-
P26784,-
P26785,-
P05740,-
P46990,-
P0CX49,-
P0CX82,-
P0CX45,-
P0CX23,-
Q02753,-
P05749,-
P0CX41,-
P04449,-
P04456,-
P05743,-
P53221,-
P0C2H6,-
P02406,-
P14126,test
P14120,-
P38061,test
P87262,-
P0CX84,-
P05745,test
P51402,-
P49167,-
P10664,-
P0CX27,-
P0CX25,-
P26321,-
Q02326,-
P05739,-
P05737,-
P17076,-
P29453,-
P05738,-
P51401,-
P60010,-
P38328,-
P53731,test
P33204,test
Q12406,-
P31787,-
P47143,-
P39954,-
P07170,-
Q12055,-
Q05911,-
P80210,-
P11076,-
P35197,-
Q12184,-
P00330,-
P07246,-
P10127,-
P54114,-
P27810,test
Q00764,-
P38885,-
Q07716,test
P48015,-
P00899,-
P00812,-
Q04728,-
P04076,-
P22768,-
P53090,-
P23542,-
P13663,test
P37267,-
P00498,-
P09457,-
P00830,-
P30902,-
P38077,-
P36059,-
P10081,-
Q12154,-
P47176,-
Q12040,-
P06787,-
P14306,-
P25342,-
P47001,-
P38248,-
P46992,-
P28777,-
P00890,test
P17891,-
P28707,test
P40509,-
Q03048,-
O13547,-
P38845,-
P43616,-
P53101,-
P32582,-
P31373,-
Q01532,-
P07256,-
P37299,test
P00044,-
P00427,-
P32799,-
P38115,-
P39976,-
P05373,-
P25340,-
P38791,-
P33317,-
P12695,-
P19262,-
P20051,-
P28272,test
P32377,-
P22936,-
P46669,-
Q01080,-
P16370,-
P20433,-
P27999,-
P07703,-
P40422,-
P14020,-
P46984,test
P02994,-
P32471,-
P29547,-
P02992,-
P32803,-
P00924,-
P00925,-
P47160,-
P18414,-
P53337,-
P09064,-
P23301,-
Q12522,-
P38792,-
Q05636,-
P38777,-
P08524,-
P20081,-
P39676,-
P25349,-
P14540,test
P32614,-
P54885,-
P15703,-
P43577,-
P11412,-
Q03161,-
P32264,-
P32288,-
P17695,-
P41921,test
P36156,-
Q08220,-
Q04432,-
P00360,-
P00359,-
P14065,-
P41277,-
P40106,-
P41911,-
P39726,-
P53839,-
Q04410,-
P32836,-
P06780,-
P01123,test
P38555,-
P21827,test
P38011,-
P33322,-
P15992,-
P04807,-
P04911,-
P02294,-
P02309,test
Q04344,-
P48570,-
Q12122,-
Q08985,-
P40495,-
P31116,-
P38260,-
P06101,-
Q05584,-
P54839,-
P00817,-
P28834,-
P21954,-
P06168,-
P53281,-
P43603,-
P37303,-
Q06151,-
P54115,-
P47018,-
P17505,-
P32419,-
P41940,-
P29952,-
P54070,-
P38295,-
Q01662,-
P47095,-
P07277,-
P32787,test
P38988,-
P04840,-
P40478,-
P25491,-
Q03835,-
P53738,-
P00937,-
O14467,-
P53141,test
P53164,-
Q05016,-
Q04894,-
P07262,-
Q03558,-
Q07551,test
P38879,test
Q02642,-
P53184,-
P39683,-
Q12207,test
P33331,-
Q01560,test
Q12499,-
P40066,-
P38219,-
P07991,-
P05150,-
P13298,-
P11353,-
P35844,-
P14832,-
P25719,-
P53691,-
P35176,-
P34760,-
P38013,-
P15625,test
P38221,-
P53860,-
P00560,-
P00950,test
P07283,-
P24521,-
P27616,-
P04161,-
P33330,-
Q04493,-
P46985,-
P53334,-
Q05790,-
P38130,-
P21242,test
P07274,-
P21243,-
P23638,-
P40303,-
P38624,-
P25043,-
P30657,-
P16550,-
P38074,-
Q12314,-
P29311,-
P34730,-
Q12450,-
P40008,-
Q05905,-
P25294,-
P40040,-
Q04491,-
P38616,-
Q08245,-
Q12512,-
Q12335,-
Q05788,-
Q07505,test
P38836,-
Q12458,-
P38109,-
P38075,-
P32263,-
P16451,-
P32473,-
P00549,test
P39958,-
P11745,-
P01120,-
P07560,-
P38804,-
Q04947,-
Q12443,-
Q12434,-
Q02933,-
P09938,-
P49723,-
Q12189,-
P32895,-
P38689,-
P35178,-
P53927,-
Q07915,-
P38805,-
P25567,-
Q03940,-
P32771,-
P40363,-
P07267,-
P38998,-
P24280,-
P36136,-
P37291,-
P37292,-
P07284,-
P40454,test
P32598,-
Q04969,test
P32445,test
Q12118,-
Q12074,-
Q12455,-
P32476,-
P00445,-
P40202,-
P53078,-
P39015,-
Q05515,test
P36015,-
P29509,-
P22217,-
Q12305,-
Q08686,-
P06785,-
Q03337,-
P15019,-
P40041,test
P32774,-
Q12363,-
P35691,-
P0C2I4,test
P0CX74,-
P00942,-
Q03774,test
P46672,-
P53250,-
P36421,-
Q02354,-
P53905,-
P48510,-
P53044,-
P05759,-
P21734,-
Q12306,-
P38765,-
P53889,-
P53981,-
P38235,-
P10356,-
Q05881,-
Q04773,-
Q03219,-
Q04869,-
P53912,-
Q06523,-
P38716,-
P40093,-
P32347,-
P32861,-
P32628,-
P31412,-
P32366,-
P32610,-
P39111,-
Q99385,-
P40075,-
P43582,-
P53849,-
P53303,-
P32804,-
P34240,-
P32800,-
O50606,-
P05378,-
P05379,-
P09403,test
P17291,-
P19436,test
P21777,-
P27000,-
P29748,-
P29749,test
P33197,-
P35872,-
P43891,-
P43895,test
P48514,-
P54263,-
P56194,-
P56206,-
P59846,-
P60339,-
P60405,-
P60488,-
P60491,-
P60492,-
P61497,-
P61503,test
P68082,-
P68591,-
P74903,-
P80339,test
P80371,-
P80372,-
P80373,-
P80374,-
P80376,test
P80377,-
P80380,-
P83700,-
P96077,-
Q53VT9,-
Q53VU3,-
Q53VU6,-
Q53VV1,-
Q53VV3,-
Q53VV8,-
Q53VW3,-
Q53VX2,-
Q53VX9,-
Q53VY0,-
Q53VY1,-
Q53VY4,-
Q53VZ2,test
Q53VZ4,-
Q53W04,-
Q53W07,-
Q53W08,-
Q53W17,test
Q53W22,-
Q53W23,-
Q53W25,-
Q53W34,-
Q53W35,-
Q53W36,-
Q53W40,-
Q53W41,-
Q53W42,-
Q53W57,-
Q53W59,-
Q53W62,-
Q53W64,-
Q53W68,-
Q53W72,-
Q53W80,-
Q53W81,-
Q53W89,-
Q53W93,-
Q53W97,-
Q53W99,-
Q53WA1,-
Q53WA2,-
Q53WA3,-
Q53WA4,-
Q53WA5,-
Q53WA6,-
Q53WA7,-
Q53WA8,-
Q53WA9,-
Q53WB0,-
Q53WB1,-
Q53WB3,-
Q53WB9,-
Q53WD8,-
Q53WE0,-
Q53WE1,-
Q53WE2,-
Q53WF6,-
Q53WG0,-
Q53WG7,-
Q53WG9,-
Q53WH2,-
Q53WH3,-
Q53WH4,-
Q53WH6,-
Q53WH7,-
Q53WH8,-
Q53WH9,-
Q53WI0,-
Q53WI2,-
Q53WI4,-
Q56218,-
Q56219,-
Q56220,-
Q56221,test
Q56222,-
Q56224,-
Q56232,-
Q56236,test
Q56237,-
Q56404,-
Q56416,-
Q56419,-
Q56425,-
Q5SGN0,-
Q5SGW1,-
Q5SGW4,-
Q5SGX2,-
Q5SGX4,-
Q5SGX7,-
Q5SGX9,-
Q5SGY3,-
Q5SGY4,-
Q5SGY7,-
Q5SGZ2,-
Q5SGZ3,-
Q5SGZ6,-
Q5SH03,test
Q5SH09,-
Q5SH10,-
Q5SH13,-
Q5SH14,-
Q5SH16,-
Q5SH18,-
Q5SH19,-
Q5SH20,-
Q5SH23,-
Q5SH24,-
Q5SH25,test
Q5SH26,-
Q5SH27,-
Q5SH33,-
Q5SH39,-
Q5SH40,-
Q5SH42,-
Q5SH43,-
Q5SH49,-
Q5SH50,test
Q5SH51,-
Q5SH52,-
Q5SH53,-
Q5SH54,-
Q5SH66,-
Q5SH68,-
Q5SH69,-
Q5SH71,-
Q5SH76,-
Q5SH77,-
Q5SH88,-
Q5SH90,-
Q5SH91,-
Q5SH92,-
Q5SH98,-
Q5SHA1,-
Q5SHA5,-
Q5SHA6,-
Q5SHA7,-
Q5SHA9,-
Q5SHB1,-
Q5SHB2,-
Q5SHB4,-
Q5SHB6,-
Q5SHB9,-
Q5SHC1,-
Q5SHC7,-
Q5SHD1,-
Q5SHD3,-
Q5SHD4,-
Q5SHD6,-
Q5SHD9,-
Q5SHE2,-
Q5SHE5,-
Q5SHE9,test
Q5SHF1,-
Q5SHF3,-
Q5SHF5,-
Q5SHF6,-
Q5SHF7,-
Q5SHF9,-
Q5SHG1,test
Q5SHG2,test
Q5SHG3,test
Q5SHG4,-
Q5SHH3,-
Q5SHH5,-
Q5SHH9,-
Q5SHI0,-
Q5SHI2,-
Q5SHI4,-
Q5SHI7,-
Q5SHI8,-
Q5SHJ1,-
Q5SHJ3,-
Q5SHJ4,-
Q5SHJ5,-
Q5SHJ6,-
Q5SHJ8,-
Q5SHJ9,-
Q5SHK1,-
Q5SHK8,-
Q5SHL1,-
Q5SHL2,test
Q5SHL6,-
Q5SHL9,test
Q5SHM1,-
Q5SHM6,-
Q5SHM8,-
Q5SHN0,-
Q5SHN1,test
Q5SHN2,-
Q5SHN3,-
Q5SHN6,-
Q5SHN7,-
Q5SHN8,-
Q5SHN9,-
Q5SHP2,test
Q5SHP3,-
Q5SHP8,-
Q5SHP9,-
Q5SHQ0,-
Q5SHQ5,-
Q5SHQ7,-
Q5SHQ8,-
Q5SHQ9,-
Q5SHR0,-
Q5SHR1,-
Q5SHR6,test
Q5SHS0,-
Q5SHS1,-
Q5SHS3,-
Q5SHS5,-
Q5SHS6,-
Q5SHT4,-
Q5SHT7,-
Q5SHT8,test
Q5SHU1,-
Q5SHU3,test
Q5SHU9,-
Q5SHV0,-
Q5SHV5,-
Q5SHV6,-
Q5SHV8,-
Q5SHV9,-
Q5SHW0,test
Q5SHW1,-
Q5SHW2,-
Q5SHW3,-
Q5SHW6,-
Q5SHW7,test
Q5SHW9,-
Q5SHX3,-
Q5SHX6,-
Q5SHX8,-
Q5SHY0,-
Q5SHY1,-
Q5SHY2,-
Q5SHY5,-
Q5SHY7,-
Q5SHY9,test
Q5SHZ1,-
Q5SHZ8,-
Q5SI00,-
Q5SI01,-
Q5SI03,-
Q5SI04,-
Q5SI05,-
Q5SI10,-
Q5SI12,-
Q5SI13,-
Q5SI14,test
Q5SI17,-
Q5SI20,-
Q5SI21,-
Q5SI26,-
Q5SI27,-
Q5SI28,-
Q5SI29,test
Q5SI30,test
Q5SI31,-
Q5SI34,-
Q5SI36,-
Q5SI38,-
Q5SI47,test
Q5SI49,-
Q5SI50,-
Q5SI54,-
Q5SI56,-
Q5SI57,-
Q5SI58,-
Q5SI59,-
Q5SI60,test
Q5SI61,-
Q5SI65,-
Q5SI67,-
Q5SI68,-
Q5SI72,-
Q5SI75,-
Q5SI77,-
Q5SI78,-
Q5SI81,-
Q5SI88,-
Q5SI89,-
Q5SI90,-
Q5SI94,-
Q5SIA4,-
Q5SIA7,-
Q5SIB2,-
Q5SIB5,-
Q5SIB7,-
Q5SIC1,-
Q5SIC2,test
Q5SIC4,-
Q5SIC5,-
Q5SIC6,-
Q5SIC7,-
Q5SIC8,-
Q5SIC9,-
Q5SID2,-
Q5SID7,-
Q5SIE1,-
Q5SIE6,-
Q5SIE9,-
Q5SIF6,-
Q5SIF7,-
Q5SIF8,-
Q5SIH0,-
Q5SIH4,-
Q5SIH5,-
Q5SIH7,-
Q5SIH8,-
Q5SIH9,-
Q5SII3,-
Q5SII4,-
Q5SII5,test
Q5SII8,-
Q5SIJ1,-
Q5SIJ6,-
Q5SIJ7,-
Q5SIK2,-
Q5SIK3,-
Q5SIK6,-
Q5SIK7,-
Q5SIL0,-
Q5SIL2,-
Q5SIL6,-
Q5SIL7,-
Q5SIL8,-
Q5SIM2,-
Q5SIM3,-
Q5SIM4,-
Q5SIM5,-
Q5SIM6,-
Q5SIM9,-
Q5SIN3,-
Q5SIN4,-
Q5SIN9,-
Q5SIP0,-
Q5SIP2,-
Q5SIP4,-
Q5SIP7,-
Q5SIP8,-
Q5SIQ5,-
Q5SIQ7,-
Q5SIQ8,-
Q5SIR3,-
Q5SIR4,-
Q5SIR7,test
Q5SIR8,-
Q5SIS0,-
Q5SIS2,-
Q5SIS5,-
Q5SIS7,-
Q5SIT1,-
Q5SIT2,-
Q5SIU7,-
Q5SIV0,-
Q5SIV2,-
Q5SIW2,-
Q5SIX0,-
Q5SIX2,-
Q5SIX4,-
Q5SIY1,-
Q5SIY2,-
Q5SIY3,-
Q5SIY4,-
Q5SIY7,-
Q5SIZ9,-
Q5SJ02,-
Q5SJ03,-
Q5SJ05,-
Q5SJ07,-
Q5SJ15,-
Q5SJ16,-
Q5SJ22,-
Q5SJ26,-
Q5SJ29,-
Q5SJ30,-
Q5SJ32,-
Q5SJ34,-
Q5SJ35,test
Q5SJ36,test
Q5SJ37,-
Q5SJ39,-
Q5SJ49,-
Q5SJ50,-
Q5SJ55,-
Q5SJ59,-
Q5SJ65,-
Q5SJ68,-
Q5SJ69,-
Q5SJ70,-
Q5SJ72,-
Q5SJ76,-
Q5SJ82,-
Q5SJ83,-
Q5SJ84,-
Q5SJ85,-
Q5SJ86,-
Q5SJ91,-
Q5SJ93,-
Q5SJ94,-
Q5SJ98,-
Q5SJA5,-
Q5SJA9,test
Q5SJB0,-
Q5SJB1,-
Q5SJB8,-
Q5SJB9,-
Q5SJC0,-
Q5SJC2,-
Q5SJC3,-
Q5SJC4,-
Q5SJC5,-
Q5SJC6,-
Q5SJC8,-
Q5SJC9,-
Q5SJD0,-
Q5SJD2,-
Q5SJD5,-
Q5SJD8,-
Q5SJE1,-
Q5SJE6,-
Q5SJE8,-
Q5SJE9,-
Q5SJF0,-
Q5SJF1,-
Q5SJF2,-
Q5SJF5,-
Q5SJF8,test
Q5SJG0,-
Q5SJG2,-
Q5SJG3,-
Q5SJG5,test
Q5SJG6,-
Q5SJG7,-
Q5SJG8,-
Q5SJH0,-
Q5SJH1,test
Q5SJH2,-
Q5SJH3,-
Q5SJH4,-
Q5SJH9,-
Q5SJI0,-
Q5SJK2,-
Q5SJK3,test
Q5SJK6,-
Q5SJL2,-
Q5SJL6,-
Q5SJM0,-
Q5SJM1,-
Q5SJM3,-
Q5SJM4,-
Q5SJM5,-
Q5SJM7,test
Q5SJM9,-
Q5SJN0,-
Q5SJN4,-
Q5SJN5,-
Q5SJN6,-
Q5SJN7,-
Q5SJN8,-
Q5SJN9,test
Q5SJP2,-
Q5SJP6,-
Q5SJP7,test
Q5SJP8,-
Q5SJQ0,-
Q5SJQ3,-
Q5SJQ4,-
Q5SJQ5,-
Q5SJQ7,-
Q5SJQ8,-
Q5SJR1,-
Q5SJR8,-
Q5SJS1,-
Q5SJS4,-
Q5SJS7,-
Q5SJS8,-
Q5SJT0,-
Q5SJT3,test
Q5SJU9,-
Q5SJV0,-
Q5SJV1,-
Q5SJV5,-
Q5SJV7,test
Q5SJV8,-
Q5SJW1,-
Q5SJW4,-
Q5SJW6,-
Q5SJX0,test
Q5SJX1,-
Q5SJX7,-
Q5SJX8,-
Q5SJX9,-
Q5SJY6,-
Q5SJY8,-
Q5SJY9,-
Q5SJZ0,-
Q5SJZ6,-
Q5SJZ8,-
Q5SK00,-
Q5SK01,-
Q5SK02,-
Q5SK03,-
Q5SK05,-
Q5SK14,test
Q5SK15,-
Q5SK16,-
Q5SK18,test
Q5SK23,-
Q5SK25,-
Q5SK27,-
Q5SK28,test
Q5SK31,-
Q5SK41,-
Q5SK42,-
Q5SK45,-
Q5SK47,-
Q5SK48,-
Q5SK50,-
Q5SK52,-
Q5SK53,-
Q5SK57,-
Q5SK59,-
Q5SK60,-
Q5SK63,-
Q5SK65,-
Q5SK69,-
Q5SK82,-
Q5SK83,-
Q5SK84,-
Q5SK86,-
Q5SK87,-
Q5SK88,-
Q5SK89,-
Q5SK91,-
Q5SK96,-
Q5SK98,-
Q5SKA9,-
Q5SKB3,-
Q5SKB5,-
Q5SKB7,-
Q5SKB8,-
Q5SKC0,-
Q5SKC1,-
Q5SKC2,test
Q5SKC4,-
Q5SKC5,-
Q5SKC6,-
Q5SKD3,-
Q5SKD4,-
Q5SKD6,-
Q5SKD8,-
Q5SKD9,-
Q5SKE0,-
Q5SKE3,test
Q5SKE8,test
Q5SKF3,-
Q5SKG3,-
Q5SKG9,-
Q5SKH2,-
Q5SKH3,-
Q5SKH4,-
Q5SKH6,-
Q5SKH7,-
Q5SKH8,-
Q5SKH9,-
Q5SKI3,-
Q5SKI6,-
Q5SKI8,-
Q5SKI9,-
Q5SKJ0,-
Q5SKJ3,-
Q5SKJ5,-
Q5SKJ6,test
Q5SKJ8,-
Q5SKK0,-
Q5SKK1,-
Q5SKK6,-
Q5SKK7,-
Q5SKK8,-
Q5SKK9,-
Q5SKL2,test
Q5SKL3,-
Q5SKL4,test
Q5SKL8,-
Q5SKM1,-
Q5SKM7,-
Q5SKM8,-
Q5SKM9,-
Q5SKN0,-
Q5SKN3,-
Q5SKN4,test
Q5SKP2,-
Q5SKP3,-
Q5SKP4,test
Q5SKP8,-
Q5SKQ0,-
Q5SKQ2,-
Q5SKQ3,-
Q5SKR4,test
Q5SKR5,-
Q5SKR7,-
Q5SKR8,-
Q5SKR9,-
Q5SKS1,-
Q5SKS3,-
Q5SKS4,-
Q5SKS7,-
Q5SKS9,-
Q5SKT0,-
Q5SKT1,-
Q5SKT3,-
Q5SKT4,-
Q5SKT5,-
Q5SKT7,-
Q5SKU2,-
Q5SKU6,-
Q5SKU8,-
Q5SKU9,-
Q5SKV2,-
Q5SKV3,-
Q5SKV4,-
Q5SKV5,-
Q5SKV6,-
Q5SKV7,-
Q5SKV9,-
Q5SKW0,-
Q5SKW1,-
Q5SKW3,-
Q5SKW5,test
Q5SKW6,-
Q5SKW8,-
Q5SKX0,-
Q5SKX2,-
Q5SKY0,-
Q5SKY1,-
Q5SKY3,-
Q5SKY4,-
Q5SKY5,-
Q5SKY6,-
Q5SKY8,-
Q5SKY9,-
Q5SKZ0,-
Q5SKZ2,-
Q5SKZ3,-
Q5SKZ6,-
Q5SKZ7,-
Q5SKZ8,-
Q5SL02,-
Q5SL07,-
Q5SL08,-
Q5SL10,-
Q5SL16,-
Q5SL18,-
Q5SL19,-
Q5SL20,-
Q5SL21,-
Q5SL25,-
Q5SL28,-
Q5SL35,-
Q5SL36,-
Q5SL37,-
Q5SL38,-
Q5SL46,-
Q5SL51,-
Q5SL52,-
Q5SL57,-
Q5SL59,-
Q5SL60,-
Q5SL61,-
Q5SL62,-
Q5SL64,-
Q5SL65,-
Q5SL70,-
Q5SL71,-
Q5SL73,-
Q5SL74,-
Q5SL76,-
Q5SL77,-
Q5SL78,-
Q5SL81,-
Q5SL82,-
Q5SL84,-
Q5SL86,test
Q5SL87,-
Q5SL94,-
Q5SLA4,-
Q5SLA5,-
Q5SLA8,-
Q5SLB0,-
Q5SLB4,-
Q5SLC3,-
Q5SLC4,-
Q5SLC5,test
Q5SLC6,-
Q5SLC8,-
Q5SLD0,-
Q5SLD1,-
Q5SLD7,-
Q5SLE3,-
Q5SLE7,-
Q5SLE8,-
Q5SLF0,-
Q5SLF2,-
Q5SLF3,-
Q5SLF5,-
Q5SLF7,-
Q5SLG2,-
Q5SLG3,-
Q5SLG4,-
Q5SLG5,-
Q5SLG6,-
Q5SLG7,-
Q5SLG9,-
Q5SLH3,-
Q5SLH4,-
Q5SLI2,-
Q5SLI7,-
Q5SLI8,-
Q5SLJ0,-
Q5SLJ1,-
Q5SLJ5,-
Q5SLJ6,-
Q5SLJ7,-
Q5SLJ8,-
Q5SLK1,-
Q5SLK3,-
Q5SLK5,-
Q5SLL0,-
Q5SLL1,-
Q5SLL2,-
Q5SLL3,test
Q5SLL4,-
Q5SLL6,-
Q5SLL8,-
Q5SLM3,test
Q5SLM7,-
Q5SLM9,-
Q5SLN1,-
Q5SLN2,-
Q5SLN4,-
Q5SLN8,-
Q5SLP1,-
Q5SLP6,test
Q5SLP7,-
Q5SLP8,-
Q5SLP9,-
Q5SLQ0,test
Q5SLQ1,test
Q5SLQ3,-
Q5SLQ4,-
Q5SLR0,-
Q5SLR1,-
Q5SLR3,-
Q5SLR4,-
Q5SLR5,-
Q5SLR8,-
Q5SLR9,-
Q5SLS0,-
Q5SLS4,-
Q5SLS6,-
Q5SLS7,-
Q5SLT5,-
Q5SLT7,-
Q5SLU1,-
Q5SLU2,-
Q5SLU5,test
Q5SLV1,-
Q5SLV2,-
Q5SLV4,-
Q5SLV6,-
Q5SLV9,test
Q5SLW0,-
Q5SLW2,-
Q5SLW4,-
Q5SLW7,-
Q5SLW8,-
Q5SLW9,-
Q5SLX0,-
Q5SLX2,-
Q5SLX5,-
Q5SLX6,-
Q5SLY0,-
Q5SLY6,test
Q5SLY7,-
Q5SLZ0,-
Q5SLZ5,-
Q5SLZ7,-
Q5SLZ9,test
Q5SM00,-
Q5SM01,-
Q5SM02,-
Q5SM03,-
Q5SM04,-
Q5SM07,-
Q5SM08,-
Q5SM09,-
Q5SM11,-
Q5SM13,-
Q5SM16,test
Q5SM17,-
Q5SM19,test
Q5SM20,-
Q5SM22,-
Q5SM23,-
Q5SM24,-
Q5SM27,-
Q5SM28,-
Q5SM31,-
Q5SM33,-
Q5SM37,-
Q5SM40,-
Q5SM42,-
Q5SM43,test
Q5SM60,-
Q5SM61,-
Q5SM62,-
Q5SM65,-
Q5SM66,-
Q5SM70,-
Q5SM75,-
Q5SM76,-
Q5SM78,-
Q5SM81,-
Q5SM84,-
Q5SM85,-
Q5SM88,-
Q5SM89,-
Q5SM92,-
Q5SM94,-
Q5SM95,-
Q5SMA3,-
Q5SMC1,-
Q5SMC3,-
Q5SMC5,-
Q5SMC7,-
Q5SMC8,-
Q5SMC9,-
Q5SMD0,-
Q5SMD2,-
Q5SMD5,-
Q5SMD8,-
Q5SME2,-
Q5SME5,-
Q5SME6,-
Q5SME7,-
Q5SME9,test
Q5SMF2,-
Q5SMF5,-
Q5SMF7,-
Q5SMF8,-
Q5SMG4,-
Q5SMG6,-
Q5SMG9,test
Q5SMH0,-
Q5SMH1,-
Q5SMH2,-
Q5SMH6,test
Q5SMH7,-
Q5SMH9,-
Q60019,-
Q60049,test
Q76G20,-
Q7SIB9,-
Q7SIC0,-
Q7SIC7,-
Q84BQ9,-
Q8RQE7,-
Q8RR57,-
Q8VVE2,-
Q8VVE3,-
Q9F1Q3,-
Q9LCX2,-
Q9LCY2,-
Q9WX76,-
Q9X9D5,-
Q9Z9H5,-
Q9ZND4,-
Q9ZND5,-
F4HQH8,-
O24457,-
A8MQD9,-
O23676,-
Q9S834,-
Q9SRY5,-
Q93WD7,-
Q9ZVS4,-
Q9LR75,-
O48741,-
O64490,-
P93819,-
Q8VZ23,-
O23016,-
Q9LNE6,-
Q8LDW8,-
Q9SHJ8,-
B9DHT6,-
Q05431,-
Q8H0V3,-
Q9SGE0,-
O04153,-
Q39249,-
Q9FR37,-
Q8L770,-
Q38858,-
C0Z2C6,-
Q9SA52,-
O80526,-
O04487,-
O04496,-
Q8GSJ1,-
Q9FUS9,-
Q9SGY2,-
Q9LPZ1,-
Q9SAA2,-
O65398,-
O65396,-
O65390,-
Q56Z71,-
Q8RW90,-
F4IC59,-
Q9XJ36,-
Q42605,-
Q8VYI4,-
Q9S9P1,-
Q9S9N9,-
Q9S9M7,-
Q9SA34,-
Q9FZ47,-
Q9SHG8,-
A1A6H3,-
Q9SHH8,-
F4I907,-
O24456,-
Q9LE22,-
Q9FWR4,-
Q43870,-
Q8W493,-
Q9LNU4,-
Q8W456,-
Q42547,-
Q501F7,-
Q9XI01,-
P48347,-
Q9ZWJ3,-
Q9SK87,-
O49304,-
Q9LR30,-
Q9C5G6,-
Q9ZUC2,-
Q9ZUC1,-
Q93VR4,-
O48676,-
Q8H1Y0,-
Q8VYU7,-
Q93VP3,-
O04551,-
Q9FUS6,-
P31166,-
Q9FPE4,-
Q8LF28,-
Q9LP45,-
Q9XF57,-
Q9SA73,-
Q9SA14,-
Q94F00,-
P25697,-
Q43307,-
Q9LQK7,-
Q9MAP3,-
F4HR88,-
P46077,-
Q9SYT0,-
Q9C8X4,-
P17094,-
Q9LPE9,-
Q39241,-
F4HRB4,-
Q9SX68,-
F4HYF3,-
Q944H0,-
P57720,-
Q9FX94,-
Q9C6D2,-
Q9XJ35,-
Q9LPT6,-
Q9ZP06,-
Q9MAH3,-
Q9C8L2,-
Q9C8L4,-
Q9SSB5,-
Q9SYG7,-
Q94BS2,-
P50318,-
O04151,-
Q7DLR9,-
Q9FVT2,-
Q9S762,-
P52901,-
Q9SXC0,-
Q41931,-
P49243,-
Q9LQ04,-
Q8LBU2,-
P92947,-
Q9SH69,-
Q9XEX2,-
Q9C524,-
P10795,-
Q8W593,-
Q9C9W5,-
Q9CA40,-
Q9SFH9,-
Q94CE4,-
O82656,-
Q56Z59,-
Q08682,-
Q8RXD5,-
Q39091,-
Q9C9C4,-
Q9C9D0,-
Q9C9P3,-
Q9S795,-
Q9XJ27,-
Q9FRL8,-
P52577,-
O50039,-
Q39255,-
Q8LAH7,-
Q9SRD4,-
O49292,-
Q9SRG3,-
Q01525,-
Q8L7C9,-
Q9SYL6,-
Q9ZV85,-
O65355,-
Q9ZVA2,-
O64517,-
Q9SAJ6,-
Q9SAJ4,-
Q8RX60,-
Q9CA90,-
Q9C969,-
Q944I4,-
Q9M8L6,-
P93832,-
Q9M8M7,-
Q9ZU52,-
P60040,-
Q9ZVF3,-
Q9ZVF2,-
Q8VYZ2,-
Q9ZVQ3,-
P49572,-
Q9ZUG4,-
Q9SLA8,-
Q9FUP0,-
Q56YA5,-
P93732,-
Q38900,-
Q8L7R2,-
Q42449,-
Q93Z70,-
O82662,-
Q9SKT0,-
Q9SKP6,-
F4IGK5,-
Q9SJU4,-
Q8L794,-
Q94II5,-
Q9SIE7,-
Q9SIE1,-
Q9SJZ2,-
Q8RUW5,-
O80476,-
Q1WIQ6,-
Q9SJA7,-
Q9SKK4,-
Q9SL92,-
O48782,-
Q42566,-
O23715,-
Q9ZUY6,-
P46421,-
O82381,-
Q8RU07,-
O80852,-
P42761,-
P46643,-
Q9SID0,-
O04922,-
Q9SIP1,-
Q9SKC1,-
Q9SKZ1,-
A0A1P8AZP9,-
O48773,-
Q56WD9,-
Q8RYE9,-
P93014,-
Q8S9J2,-
O82299,-
Q682E0,-
Q9ZQQ0,-
Q9SJQ9,-
P25696,-
Q9SJL8,-
Q42580,-
Q9ZUU4,-
Q9ZUR7,-
O80934,-
O80944,-
Q84TF0,-
O80448,-
Q8H7F6,-
Q8VZB1,-
O80950,-
P10896,-
O22886,-
Q8H114,-
Q93VB0,-
Q8LAS8,-
Q96299,-
Q9SJI7,-
Q9SJH7,-
Q9ZW85,-
Q9ZW84,-
O22870,-
O22832,-
Q39026,-
O22822,-
Q0WP12,-
O80575,-
Q96254,-
P20115,-
O80840,-
F4IH73,-
O22263,-
P93033,-
Q96266,-
O82264,-
Q9SSA5,-
P27140,-
Q8LGG8,-
Q93ZC9,-
Q9S850,-
Q9FWA3,-
Q9M876,-
Q9M8R4,-
Q42553,-
Q9M8S8,-
Q9M9P3,-
Q9SR19,-
Q9S726,-
Q05212,-
Q9SEE5,-
Q9SFU1,-
F4JEG0,-
Q8VZW6,-
Q9SF85,-
Q9SR59,-
O24521,-
Q9C768,-
Q9LHH7,-
Q9LD57,-
Q1EBV4,-
Q94CD8,-
Q9LRS0,-
Q9LRR9,-
Q93ZB6,-
Q9FPF0,-
P82869,-
Q9LVZ5,-
O04318,-
Q9SDM9,-
O04314,-
Q9LK73,-
P31265,-
Q9LUV2,-
Q9SCX8,-
Q9LVI9,-
Q9LVI8,-
Q9LVH6,-
Q9LT78,-
P48523,-
Q0WTF1,-
P49077,-
A0A1I9LRA3,-
Q8RWP0,-
Q9LVF0,-
Q9LSY9,-
O81148,-
Q94CE5,-
Q9LIK9,-
O22683,-
F4J447,-
Q9LK38,-
Q9LK36,-
Q56YU0,-
Q9LSV0,-
Q9LS03,-
Q9SQI8,-
P25873,-
Q9LU86,-
Q9LVW7,-
O22609,-
Q9MBH2,-
F4J1U2,-
Q9LIA8,-
Q9LZG7,-
Q9LXQ2,-
P32961,-
P46010,-
Q9SWG0,-
O82413,-
Q9SN86,-
Q9STS1,-
Q9STL4,-
Q94K71,-
Q9SMN0,-
Q42522,-
A2RVS6,-
P93031,-
Q96327,-
Q96329,-
Q9LFA3,-
Q9LF98,-
Q949U7,-
Q43349,-
Q8L606,-
Q9LFG2,-
Q9M338,-
Q9M336,-
Q9M2U7,-
Q42586,-
Q42529,-
Q05728,-
Q9M2W2,-
P41088,-
P48491,-
P46283,-
Q8VXZ7,-
Q9LXZ4,-
Q8GUN2,-
Q9LXX5,-
P53780,-
Q9C5Z3,-
Q9SCL7,-
Q96529,-
Q94K73,-
Q9LYT7,-
Q43725,-
O24653,-
P42742,-
Q9S757,-
P34791,-
Q8RX79,-
Q9LYA9,-
Q9M1X0,-
Q9M1W4,-
Q9LY66,-
P82658,-
Q9M156,-
Q94K85,-
Q8L7U4,-
P46422,-
O22773,-
O22769,-
Q9ZT91,-
Q01908,-
Q9M0V6,-
Q42592,-
P42643,-
Q681I7,-
P39207,-
Q9SZ83,-
Q39258,-
Q9SUT5,-
O48646,-
P54873,-
Q8GW78,-
Q9SU13,-
Q9T0K7,-
Q94AR8,-
O23254,-
O23255,-
O23264,-
Q93WN0,-
Q949R4,-
P25853,-
O23392,-
O23406,-
F4JKZ9,-
Q8LB10,-
Q43315,-
P16127,-
Q8H121,-
Q96262,-
P17745,-
Q8GWP5,-
O65423,-
Q93YR3,-
O49653,-
Q9SUR6,-
Q9SUR0,-
Q9SUQ9,-
Q9STX2,-
Q04836,-
Q93Y35,-
Q9SZX3,-
P21276,-
Q93WL3,-
Q93W34,-
Q0WUQ7,-
Q42418,-
Q9M0E2,-
P24806,-
Q9M0A7,-
Q949Q7,-
Q8LD27,-
P46248,-
Q93ZV7,-
O48917,-
Q94CE3,-
O81884,-
Q93ZN9,-
O49499,-
Q93V74,-
Q94B35,-
O65902,-
O65686,-
Q42406,-
Q94JT5,-
Q96255,-
Q8LDU4,-
Q8LER3,-
Q02971,-
Q39108,-
P34790,-
Q9T0I8,-
Q944G9,-
Q9T034,-
P42734,-
Q940M2,-
Q9LFB5,-
Q8L940,-
A0A1P8B982,-
Q94EG6,-
Q9LZG0,-
Q93WJ8,-
Q9LZ82,-
Q9LZ23,-
Q8VZW3,-
O24412,-
Q9LHT0,-
Q9LY15,-
P50287,-
Q9LEY1,-
Q9LXC9,-
Q9ZP05,-
P53492,-
P48349,-
Q9LEV3,-
Q9S7H4,-
P46644,-
Q9LYF0,-
Q8RUF8,-
Q9ASS6,-
Q9LYR5,-
Q9LYR4,-
Q9FY50,-
Q9FMT1,-
Q8LPJ5,-
P42737,-
Q9S7E4,-
Q38929,-
Q9FFD2,-
Q8LE52,-
Q9SBA5,-
Q39172,-
P57751,-
Q02166,-
O65041,-
Q29Q34,-
Q9SCX3,-
P46645,-
Q84WJ9,-
P83291,-
Q93VG5,-
Q8LFQ6,-
A0A178U956,-
Q9FK81,-
Q56WH4,-
O82660,-
Q9FMX0,-
Q9LT08,-
Q9FF97,-
Q84WW2,-
Q94F20,-
A8MR02,-
P46086,-
Q39230,-
Q9LKR8,-
Q93VR3,-
Q93VC7,-
Q949Y3,-
O65220,-
O81146,-
Q43127,-
Q9LVY1,-
Q9LVY0,-
Q93ZC2,-
Q8W1X2,-
P10796,-
P42644,-
Q9FID2,-
Q9FM01,-
Q9FIX1,-
Q38920,-
Q94CD1,-
Q9FFR3,-
Q9FHY6,-
P57106,-
Q8VXY9,-
A0A178U6D3,-
Q96533,-
O48588,-
Q94B60,-
Q9SCY2,-
Q9FNK4,-
P52410,-
Q09152,-
Q9FIJ7,-
Q93XW5,-
Q8S4Y1,-
Q9LV60,-
Q9FI78,-
Q9FGS0,-
Q38799,-
Q9LU64,-
Q9FJ95,-
Q94AT1,-
P81760,-
Q9FN41,-
Q9ZRA2,-
Q9FK25,-
F4K1U5,-
P14671,-
Q9FPJ8,-
Q9FM65,-
Q9FH13,-
Q9FM97,-
P54970,-
Q9FJT8,-
Q9LTR9,-
Q9LVC5,-
Q9FKK7,-
A1A6F3,-
Q8L493,-
Q9FGT8,-
A0A178UBD8,-
Q9SEI4,-
Q8H1E2,-
Q9FGH3,-
Q9ZSK4,-
Q8H166,-
Q9SAU2,-
Q9FKG8,-
Q9XFS9,-
P42799,-
Q42546,-
Q9FMG0,-
Q8H183,-
Q9XEE2,-
P48348,-
Q8VYV7,-
Q9FKW6,-
Q9FJY6,-
Q9FH98,-
P56797,-
O03042,-
P56798,-
P56795,-
P56753,-
S7W3C9,-
S7UT62,-
A0A125YM37,-
S7VUZ7,-
A0A125YLB6,-
S7UI71,-
S7UXY5,-
S7V3B8,-
S7WGH8,-
A0A125YJQ8,-
S7WDJ3,-
A0A125YTY3,-
S7V089,-
S7V393,-
S7UHS8,-
S7UVM0,-
A0A125YXZ7,-
S7UPF2,-
S7UKU4,-
A0A125YFJ6,-
S7UPK2,-
S7WA63,-
S7VTT8,-
A0A125YMS8,-
A0A125YY06,-
A0A125YUY1,-
A0A125YR22,-
A0A125YZE5,-
S7UTZ7,-
S7WKS2,-
S7VZD7,-
A0A125YP00,-
S7W345,-
S7URR8,-
S7V1I4,-
A0A125YFB1,-
A0A125YYB1,-
A0A125YWX1,-
S7UWM7,-
S7VYB7,-
A0A125YT28,-
S7W9J5,-
S7WH14,-
S7WGH1,-
S7UQV5,-
S7V1D9,-
S7WJ57,-
A0A125YZ37,-
A0A125YHL7,-
S7WBV2,-
A0A125YNF0,-
S7V235,-
S7URC1,-
S7UJL1,-
S7WHL0,-
S7V1V2,-
S7UVE0,-
A0A125YNW9,-
A0A125YNY7,-
S7V3S1,-
A0A125YNN8,-
A0A125YPW3,-
A0A125YY87,-
S7UK90,-
S7V405,-
A0A125YKT1,-
S7WBI1,-
S7UNN8,-
S7V3N4,-
S7UTR2,-
A0A125YRM4,-
A0A125YJH3,-
S7VWL4,-
A0A125YHT4,-
S7UYY9,-
A0A125YZS8,-
S7UZI6,-
S7VWI7,-
S7UQ33,-
S7WGM8,-
A0A125YS34,-
A0A125YMR8,-
A0A125YHV0,-
A0A125YWQ8,-
S7WG14,-
S7W9D4,-
A0A125YUU1,-
S7W157,-
S7W608,-
S7VZ02,-
A0A125YNC0,-
S7UR15,-
A0A125YL13,-
S7URI7,-
S7UXU8,-
A0A125YYJ7,-
A0A125YQG5,-
A0A125YY20,-
S7V2W8,-
S7W2B2,-
A0A125YIK7,-
S7UXH0,-
A0A125YWQ1,-
S7W7H7,-
S7UT45,-
S7VS22,-
S7UW02,-
A0A125YSH3,-
S7V177,-
S7UUX1,-
A0A125YQ77,-
A0A125YV50,-
A0A125YNP6,-
A0A125YZD3,-
S7UNH5,-
S7VZE4,-
A0A125YIH7,-
A0A125YUU0,-
S7W455,-
A0A125YXS9,-
A0A125YM75,-
A0A125YUL5,-
S7VWA4,-
A0A125YYZ3,-
A0A125YXV8,-
A0A125YND3,-
S7W2W4,-
S7UNW6,-
A0A125YSM3,-
S7W7X0,-
A0A125YTC1,-
S7UT64,-
S7VSL4,-
S7UZQ8,-
S7V1P7,-
S7V1S3,-
S7WJH0,-
S7VTZ4,-
S7W2M6,-
S7UYL9,-
A0A125YYW7,-
S7UFR6,-
A0A125YXI4,-
A0A125YSA3,-
S7UH33,-
S7VZ61,-
S7ULP8,-
S7UIC4,-
S7W874,-
S7WB93,-
S7W0M7,-
A0A125YSC6,-
S7W4D5,-
S7WH71,-
A0A125YZ51,-
S7UYY1,-
S7WAV7,-
S7V1U0,-
S7V159,-
A0A125YR61,-
S7W2Z3,-
A0A125YK87,-
S7US29,-
S7UM11,-
A0A125YYL0,-
A0A125YG76,-
S7UFY1,-
A0A125YVW8,-
S7UHG9,-
S7W916,-
A0A125YU69,-
S7UYJ2,-
S7UJD9,-
S7V4N7,-
A0A125YXA3,-
A0A125YY67,-
S7V443,-
A0A125YHD8,-
S7W7H5,-
S7ULN4,-
S7V0R4,-
A0A125YH11,-
A0A125YFZ5,-
S7UM22,-
A0A125YRB3,-
A0A125YLF9,-
S7V0K3,-
A0A125YXT6,-
S7V031,-
S7UHH8,-
S7UXF7,-
S7UP94,-
S7UJK7,-
A0A125YQV7,-
S7UJH2,-
S7URP3,-
S7W0N7,-
S7URT8,-
A0A125YJS7,-
S7W932,-
S7UFT0,-
S7UGL7,-
S7UQK3,-
S7W5E1,-
S7WII0,-
A0A125YZR7,-
S7USH1,-
S7ULH4,-
S7V3S7,-
A0A125YQF1,-
S7UK33,-
A0A125YUB2,-
A0A125YX30,-
S7US36,-
A0A125YNB2,-
S7UGQ1,-
S7W9G8,-
A0A125YNU6,-
A0A125YRH8,-
A0A125YGT4,-
S7UYA2,-
A0A125YGJ4,-
S7V3C4,-
A0A125YJ38,-
S7URQ2,-
S7WC45,-
S7UY42,-
S7VVT3,-
A0A125YR96,-
S7V0V9,-
S7UY68,-
S7UTP1,-
S7W4F0,-
A0A125YKB3,-
A0A125YJ67,-
A0A125YW05,-
A0A125YRN6,-
A0A125YTL0,-
S7URL0,-
S7USY4,-
S7V1I0,-
A0A125YGU9,-
S7W9I6,-
S7UQT5,-
S7V581,-
S7W4P2,-
A0A125YRF9,-
A0A125YM99,-
S7UHS9,-
A0A125YKX3,-
S7WBQ0,-
A0A125YR37,-
S7UKZ1,-
S7UQV7,-
A0A125YW19,-
S7V4L0,-
S7UR42,-
A0A125YLG3,-
A0A125YLW1,-
A0A125YNR1,-
S7UTP0,-
A0A125YNH5,-
A0A125YKZ9,-
S7VZ18,-
A0A125YN91,-
A0A125YTY1,-
S7UP41,-
S7VW23,-
S7UQN6,-
S7VQT7,-
A0A125YTN5,-
A0A125YHD5,-
A0A125YGK5,-
A0A125YQX3,-
S7V110,-
A0A125YS61,-
A0A125YLN2,-
A0A125YPK7,-
S7URM5,-
S7W0L5,-
S7UZL0,-
S7VZA9,-
S7WH01,-
S7UL09,-
A0A125YP05,-
A0A125YZN5,-
S7US63,-
S7W6U8,-
S7UZ96,-
S7UGI9,-
S7UGL9,-
S7ULJ3,-
S7UH87,-
S7UNY4,-
S7W0T6,-
S7WCP0,-
S7UUI3,-
S7WJC8,-
A0A125YHN3,-
S7UKR8,-
S7UHI7,-
S7WCI7,-
S7W118,-
S7VUD2,-
S7V2V8,-
A0A125YWP8,-
S7VTU3,-
S7VSU2,-
S7VQY2,-
S7W6E8,-
S7V1M7,-
S7UK62,-
A0A125YRI2,-
S7V214,-
A0A125YGU3,-
S7WB99,-
S7UZU9,-
A0A125YZ87,-
A0A125YFW0,-
S7UJQ8,-
S7UNU2,-
A0A125YTW7,-
A0A125YKE1,-
A0A125YHQ1,-
S7W1K5,-
S7WJL9,-
A0A125YXJ2,-
A0A125YUH5,-
S7UIP4,-
S7UW55,-
S7WBE0,-
S7W8B2,-
A0A125YFJ5,-
S7VX11,-
S7UXF2,-
S7UKQ6,-
S7UWL1,-
S7WHQ5,-
S7UYF3,-
A0A125YY38,-
S7W3F8,-
S7VWK1,-
A0A125YRP0,-
A0A125YRD8,-
S7UGI6,-
S7UM48,-
S7UWS2,-
A0A125YFJ9,-
A0A125YSV2,-
A0A125YPT4,-
S7UIU6,-
S7UI40,-
S7UKE9,-
S7WE79,-
S7URU8,-
A0A125YLG0,-
S7UXR8,-
A0A125YKE3,-
A0A125YGA0,-
A0A125YHZ3,-
S7UWN2,-
A0A125YZA4,-
S7VXG3,-
S7VYF8,-
S7V3T7,-
S7V0W6,-
A0A125YJR5,-
S7UFC4,-
S7UGM9,-
A0A125YGJ9,-
A0A125YSF3,-
A0A125YRJ9,-
A0A125YZK3,-
S7UVZ7,-
S7UW00,-
S7UVH4,-
A0A125YTR7,-
A0A125YZ75,-
S7WAK7,-
S7UV33,-
S7UUQ6,-
S7UUR3,-
A0A125YL77,-
A0A125YVB8,-
S7UVU5,-
S7UVV0,-
S7UVX0,-
A0A125YNY0,-
A0A125YV56,-
A0A125YZ99,-
A0A125YTU7,-
S7UUJ5,-
A0A125YTE9,-
A0A125YXW7,-
A0A125YZ96,-
S7W9M4,-
S7W4X7,-
S7UQK0,-
S7UPR0,-
A0A125YZN9,-
A0A125YFE7,-
A0A125YYJ0,-
S7UJV3,-
A0A125YIV4,-
A0A125YJ71,-
A0A125YVW7,-
A0A125YQH1,-
A0A125YWE7,-
A0A125YX86,-
A0A125YPQ4,-
A0A125YJF9,-
A0A125YLN1,-
A0A125YH17,-
S7VXV9,-
A0A125YRQ4,-
S7UIH9,-
A0A125YSN2,-
A0A125YM13,-
A0A125YZQ4,-
A0A125YMF4,-
A0A125YJX1,-
S7VXT1,-
S7VRW5,-
S7UNR8,-
S7UPQ8,-
A0A125YZ10,-
S7UKP1,-
S7VTI0,-
S7UJP9,-
S7UKG8,-
S7UKJ6,-
S7VTD0,-
S7VZ53,-
A0A125YQI9,-
A0A125YX33,-
S7UVX4,-
S7WBL3,-
S7VWX2,-
A0A125YZD2,-
A0A125YHZ1,-
A0A125YSB2,-
S7UNG7,-
S7VX29,-
A0A125YFW7,-
A0A125YNM1,-
A0A125YH05,-
S7UR33,-
A0A125YQ11,-
A0A125YQA5,-
A0A125YH67,-
S7W5P8,-
S7URF8,-
S7W5S1,-
A0A125YXQ6,-
A0A125YP95,-
A0A125YMA7,-
A0A125YM06,-
A0A125YHQ9,-
S7W531,-
A0A125YH78,-
A0A125YHC9,-
S7UQR6,-
A0A125YME6,-
S7UQS1,-
A0A125YJN6,-
S7UQT7,-
S7UPZ0,-
A0A125YHJ3,-
S7UKR4,-
S7UKW3,-
A0A125YFT0,-
S7ULY9,-
A0A125YYR8,-
S7ULY0,-
S7UM67,-
S7UL26,-
S7UM55,-
S7WAA2,-
A0A125YU82,-
S7WHM0,-
S7V1K3,-
A0A125YQU9,-
A0A125YNG7,-
S7V1B7,-
A0A125YRL6,-
A0A125YLK7,-
A0A125YIV7,-
S7V1F0,-
A0A125YFP0,-
S7V1D3,-
A0A125YYE8,-
S7V1C2,-
A0A125YFQ6,-
A0A125YL45,-
A0A125YLR0,-
A0A125YSC0,-
A0A125YJF0,-
S7V1Q8,-
A0A125YIF4,-
A0A125YPJ0,-
S7UH77,-
A0A125YXQ8,-
S7ULI1,-
A0A125YG57,-
A0A125YMA6,-
S7W089,-
A0A125YSX5,-
A0A125YPT8,-
A0A125YYZ4,-
S7ULC6,-
S7VTX0,-
S7VZX7,-
A0A125YI16,-
S7VTY9,-
S7W001,-
A0A125YS64,-
S7UL29,-
S7UL33,-
A0A125YL08,-
S7UL41,-
S7VTV4,-
S7UWB3,-
S7UWA0,-
A0A125YNA0,-
A0A125YXU7,-
S7UW24,-
A0A125YY68,-
A0A125YJX8,-
S7UWF0,-
A0A125YQT9,-
A0A125YW26,-
S7W5C8,-
Q1PCQ8,-
A0A125YLN4,-
A0A125YV67,-
S7UWV2,-
S7WCL6,-
A0A125YRE2,-
A0A125YVN2,-
S7W5P1,-
S7UX25,-
A0A125YHI4,-
A0A125YX09,-
A0A125YY97,-
A0A125YL47,-
S7W5K4,-
A0A125YQR5,-
S7W5S9,-
A0A125YJQ7,-
A0A125YQV1,-
A0A125YXF2,-
S7UXR2,-
A0A125YTC9,-
S7UX05,-
S7UWY3,-
A0A125YUA9,-
S7W616,-
S7WDD0,-
S7UXV4,-
A0A125YX54,-
S7W631,-
A0A125YGW4,-
S7V231,-
S7V249,-
A0A125YG91,-
A0A125YS53,-
S7V2K1,-
A0A125YRX1,-
S7V2H1,-
A0A125YVJ5,-
S7V2Y3,-
A0A125YLL6,-
S7V2B3,-
S7V2A2,-
A0A125YR20,-
S7V273,-
S7WB11,-
S7V263,-
A0A125YPY9,-
A0A125YZ63,-
A0A125YUH0,-
S7WJ25,-
S7V2Q1,-
S7WJ12,-
S7V3D5,-
S7WBP6,-
A0A125YGX8,-
S7V3B9,-
A0A125YGI4,-
S7WBN4,-
S7V3B5,-
A0A125YWC8,-
A0A125YMJ3,-
S7WBV4,-
A0A125YZM8,-
A0A125YXL4,-
A0A125YWW3,-
S7V3Q8,-
A0A125YK69,-
S7V3P1,-
A0A125YG48,-
S7WBY8,-
S7UVT9,-
S7UWC7,-
S7UWE3,-
A0A125YYR0,-
S7URR3,-
A0A125YH35,-
A0A125YMN3,-
S7URG4,-
A0A125YRD1,-
A0A125YGE5,-
S7URH8,-
S7W617,-
S7URE6,-
A0A125YSL3,-
S7W5X6,-
S7VZI5,-
A0A125YGX1,-
S7VZG7,-
A0A125YHP4,-
S7UR36,-
S7UQ24,-
S7UR45,-
S7W5F1,-
A0A125YQA9,-
A0A125YYM9,-
S7W653,-
A0A125YM82,-
S7URN6,-
S7UQX1,-
S7UQW7,-
S7URU5,-
A0A125YHS1,-
A0A125YZ18,-
A0A125YHU3,-
S7US48,-
A0A125YUV0,-
S7W031,-
S7W6H2,-
A0A125YJW1,-
S7W006,-
A0A125YT45,-
A0A125YJB5,-
S7URY7,-
S7W0A5,-
S7USA4,-
A0A125YNS1,-
S7W0G1,-
A0A125YQU6,-
S7USD6,-
S7URK6,-
A0A125YLM5,-
A0A125YNF8,-
A0A125YVY8,-
A0A125YVY7,-
S7UG40,-
S7UEQ4,-
A0A125YRG2,-
A0A125YR19,-
A0A125YSF1,-
S7VTV8,-
A0A125YNC8,-
A0A125YKF7,-
S7WHE0,-
S7WHE7,-
A0A125YIT6,-
S7WHD1,-
A0A125YN19,-
S7V152,-
S7V163,-
S7W9K2,-
A0A125YFL3,-
A0A125YJ69,-
A0A125YTT0,-
A0A125YGG2,-
S7W9X4,-
A0A125YVE7,-
S7V0L0,-
A0A125YI79,-
A0A125YL82,-
A0A125YWF5,-
A0A125YU21,-
S7V0H2,-
S7W953,-
S7W925,-
A0A125YPQ6,-
S7V0D9,-
S7W936,-
S7V0U2,-
A0A125YVM8,-
S7V075,-
S7V055,-
S7V0M9,-
A0A125YLS5,-
A0A125YFU1,-
A0A125YLL8,-
S7V0B0,-
S7V0Q2,-
S7W904,-
A0A125YPP2,-
S7V0I3,-
A0A125YWK4,-
A0A125YGX3,-
S7WG10,-
A0A125YIS3,-
A0A125YZQ9,-
S7V029,-
A0A125YX72,-
S7UNI1,-
S7UN87,-
S7ULP9,-
A0A125YG71,-
A0A125YM57,-
A0A125YVL0,-
S7UMQ1,-
A0A125YM07,-
A0A125YKY5,-
S7W1Z3,-
A0A125YT48,-
A0A125YY51,-
S7UMX4,-
A0A125YYI5,-
S7UN21,-
A0A125YKX0,-
S7WAV9,-
S7V2I3,-
A0A125YLC2,-
S7UZB8,-
A0A125YSV5,-
S7UZ75,-
S7UZE3,-
S7W7U8,-
A0A125YYD3,-
S7UZC0,-
S7WEZ8,-
S7W7F1,-
S7W7F7,-
S7UYL4,-
S7WES0,-
A0A125YZI1,-
S7UZ01,-
S7UZ34,-
S7W7M5,-
S7W7E3,-
S7UYS8,-
S7UYG8,-
S7W7C5,-
S7WEL7,-
A0A125YGM4,-
S7WEG4,-
A0A125YTD7,-
A0A125YNF3,-
A0A125YRK9,-
S7W793,-
A0A125YZB3,-
A0A125YT32,-
A0A125YZG8,-
S7UYT4,-
A0A125YNN4,-
S7W6X0,-
A0A125YW74,-
S7UYP1,-
S7W715,-
A0A125YHM1,-
A0A125YRH5,-
A0A125YSP4,-
S7UYE2,-
S7W6R7,-
A0A125YJZ9,-
S7UY71,-
S7UXX9,-
A0A125YLH9,-
A0A125YLJ3,-
S7UXL4,-
A0A125YWA2,-
A0A125YZP1,-
S7WDL4,-
S7UXE3,-
S7UXS3,-
S7W6D1,-
S7WDP7,-
S7UXI4,-
A0A125YUQ8,-
A0A125YKE8,-
A0A125YIU3,-
S7VW75,-
A0A125YKK2,-
S7UI07,-
S7VW99,-
A0A125YIC5,-
A0A125YY75,-
S7UHY5,-
S7UI28,-
A0A125YFS2,-
A0A125YPD3,-
S7VW35,-
A0A125YJG1,-
A0A125YYY2,-
A0A125YZ43,-
A0A125YNX6,-
A0A125YUS7,-
A0A125YL80,-
A0A125YWG4,-
S7UHF3,-
A0A125YZJ0,-
S7VPP6,-
S7UHG5,-
A0A125YSZ9,-
S7UH64,-
S7VPJ1,-
A0A125YTP3,-
S7VW14,-
A0A125YWW6,-
S7UHL9,-
A0A125YMP3,-
S7WKR9,-
S7V5A9,-
S7WKU2,-
A0A125YLV4,-
S7V5K8,-
A0A125YSW3,-
A0A125YI54,-
A0A125YR39,-
S7V482,-
S7V498,-
S7V4A6,-
A0A125YZ40,-
S7V4D5,-
A0A125YWP4,-
S7V3U0,-
S7V4K7,-
A0A125YR36,-
S7V366,-
S7WJI8,-
A0A125YVP4,-
S7WJQ2,-
S7WJT1,-
S7V4C1,-
S7V3I2,-
S7V4E3,-
S7V3N2,-
S7VYN3,-
S7UQL8,-
A0A125YK47,-
S7UNH1,-
A0A125YIP7,-
S7UNG6,-
A0A125YGL6,-
S7WFH5,-
S7W847,-
S7WFK2,-
S7V096,-
S7WFT2,-
S7WFN0,-
A0A125YTR2,-
A0A125YVJ6,-
S7VQ27,-
S7UTN6,-
A0A125YQA0,-
S7UVB1,-
S7UW58,-
A0A125YV76,-
S7WBB0,-
S7W2S3,-
S7UNI0,-
A0A125YW31,-
S7W2U3,-
S7UMS7,-
A0A125YKF8,-
A0A125YRM1,-
A0A125YK59,-
S7UNZ7,-
S7UN15,-
A0A125YL72,-
S7UNS7,-
S7UNX7,-
S7UP20,-
S7W358,-
A0A125YG08,-
S7VWS3,-
S7UP61,-
A0A125YTX8,-
A0A125YWV5,-
A0A125YFE8,-
S7UQ83,-
A0A125YQC5,-
A0A125YGQ6,-
S7VY87,-
A0A125YSQ3,-
A0A125YYJ3,-
A0A125YW64,-
A0A125YMW0,-
S7UPV6,-
A0A125YQI3,-
A0A125YY15,-
S7UQ54,-
A0A125YNY4,-
A0A125YIM0,-
S7UPY4,-
S7VXS6,-
S7UQ82,-
S7VXT3,-
A0A125YS59,-
A0A125YNP2,-
S7VXW3,-
S7W4F8,-
S7UPV3,-
A0A125YIT2,-
S7VXI3,-
A0A125YU05,-
S7VXB0,-
A0A125YRJ3,-
A0A125YHH6,-
A0A125YZ06,-
A0A125YTM7,-
A0A125YPK4,-
S7UIQ6,-
S7UI50,-
A0A125YYY8,-
A0A125YRV2,-
A0A125YYL3,-
A0A125YFD8,-
S7UK25,-
S7UK03,-
S7VTQ2,-
A0A125YSU4,-
A0A125YME3,-
S7UJV5,-
A0A125YQZ7,-
S7UMC5,-
A0A125YRB0,-
A0A125YZH3,-
A0A125YG44,-
A0A125YTT2,-
A0A125YP80,-
S7UFN1,-
S7UGY0,-
A0A125YTZ2,-
S7UGJ6,-
A0A125YVA7,-
A0A125YYP0,-
S7UH56,-
S7UI57,-
A0A125YHE1,-
S7VQK6,-
A0A125YUG2,-
S7VWE0,-
S7VWD6,-
A0A125YLY4,-
A0A125YMV7,-
A0A125YIG3,-
S7UID7,-
S7UHB8,-
S7W0V7,-
A0A125YT90,-
A0A125YU72,-
A0A125YLZ9,-
S7W107,-
A0A125YTR1,-
S7W7P9,-
S7W7R3,-
S7US82,-
A0A125YM04,-
A0A125YTH4,-
A0A125YN73,-
S7UTA2,-
S7UT12,-
A0A125YVY5,-
S7W180,-
A0A125YSI9,-
S7W1E7,-
A0A125YYB6,-
A0A125YMT4,-
A0A125YTM1,-
A0A125YRW3,-
A0A125YY12,-
S7UU87,-
S7UT91,-
S7UTU9,-
S7W257,-
S7UTT7,-
A0A125YFZ1,-
S7UU32,-
S7UT35,-
A0A125YHT1,-
A0A125YWN7,-
A0A125YM23,-
S7W1V1,-
A0A125YJR6,-
S7UTH6,-
A0A125YQ57,-
S7W1Q6,-
A0A125YML2,-
S7UTP6,-
S7UTA1,-
S7W1K2,-
S7W1J2,-
A0A125YGI2,-
S7UT72,-
S7W1G5,-
S7W1F7,-
S7W282,-
S7UUG7,-
S7UM79,-
A0A125YUF5,-
A0A125YT65,-
S7UMK1,-
S7UMC2,-
S7VUW6,-
S7ULD1,-
S7UME7,-
S7UM71,-
S7UL74,-
A0A125YUT4,-
A0A125YXG8,-
S7VZ21,-
S7UKG5,-
S7UJA0,-
S7VYN4,-
A0A125YRU4,-
S7UK80,-
S7UK71,-
A0A125YYH7,-
S7VSS5,-
A0A125YHU8,-
A0A125YV21,-
A0A125YJX4,-
S7UK17,-
S7UK06,-
S7VYJ0,-
A0A125YTY6,-
S7VSN5,-
A0A125YNM0,-
A0A125YHD2,-
A0A125YP61,-
A0A125YW01,-
A0A125YST8,-
S7UJ79,-
S7UZG2,-
S7UYI3,-
S7UZL9,-
S7UZT8,-
S7VU98,-
S7VXS4,-
S7UJ47,-
S7UG16,-
S7UG13,-
S7VNC9,-
S7UTB5,-
A0A125YPW7,-
A0A125YJP2,-
A0A125YFT3,-
A0A125YGS8,-
S7V1L4,-
A0A125YW61,-
A0A125YZK8,-
A0A125YVX4,-
S7V092,-
S7ULH3,-
A0A125YJP6,-
S7VPD3,-
S7UXN8,-
A0A125YGD9,-
A0A125YIJ0,-
S7URS8,-
A0A125YQC3,-
S7W128,-
A0A125YIP0,-
A0A125YTV9,-
S7VUL7,-
S7VPV0,-
S7UJL0,-
A0A125YLU9,-
S7UUN4,-
A0A125YT80,-
S7UW79,-
A0A125YP90,-
A0A125YRY2,-
A0A125YKF2,-
S7V133,-
A0A125YUJ9,-
S7WD68,-
S7UVK2,-
S7WAZ4,-
S7UVA3,-
S7VPB3,-
S7UYZ6,-
S7UT22,-
S7USL2,-
S7UKA1,-
S7URB9,-
